# laptime, ego_x_pos, ego_y_pos, actual speed, expected speed, tracking error, nosie, completion, steering, slip_angle
0.000000  ,-0.103757 ,0.081065  ,7.990754  ,8.000000  ,0.096347  ,0.000000  ,100.000000,-0.053264 ,4.710750  
0.000000  ,-0.103757 ,0.081065  ,7.990754  ,8.000000  ,0.096347  ,0.000000  ,100.000000,-0.053264 ,10.339134 
0.020000  ,0.051113  ,0.120541  ,7.991613  ,8.000000  ,0.053090  ,0.000000  ,100.000000,-0.051556 ,4.904664  
0.040000  ,0.206519  ,0.157927  ,7.992391  ,8.000000  ,0.012685  ,-0.000000 ,0.120000  ,-0.052273 ,5.065103  
0.060000  ,0.362441  ,0.193163  ,7.993098  ,8.000000  ,0.022065  ,0.000000  ,0.230000  ,-0.046829 ,5.196224  
0.080000  ,0.518857  ,0.226197  ,7.993739  ,8.000000  ,0.045888  ,-0.000000 ,0.350000  ,-0.034902 ,5.302124  
0.100000  ,0.675744  ,0.256987  ,7.994320  ,8.000000  ,0.067002  ,-0.000000 ,0.350000  ,-0.033225 ,5.386667  
0.120000  ,0.833072  ,0.285499  ,7.994847  ,8.000000  ,0.085267  ,0.000000  ,0.460000  ,-0.025226 ,5.453384  
0.140000  ,0.990810  ,0.311703  ,7.995326  ,8.000000  ,0.100086  ,-0.000000 ,0.580000  ,-0.017052 ,5.505420  
0.160000  ,1.148928  ,0.335577  ,7.995760  ,8.000000  ,0.111742  ,-0.000000 ,0.690000  ,-0.014495 ,5.545520  
0.180000  ,1.307390  ,0.357101  ,7.996153  ,8.000000  ,0.120184  ,-0.000000 ,0.810000  ,0.000796  ,5.576036  
0.200000  ,1.466160  ,0.376287  ,7.996510  ,8.000000  ,0.125157  ,-0.000000 ,0.810000  ,0.005919  ,5.589714  
0.220000  ,1.625176  ,0.393387  ,7.996834  ,8.000000  ,0.127801  ,-0.000000 ,0.930000  ,0.014114  ,5.509388  
0.240000  ,1.784404  ,0.408451  ,7.997128  ,8.000000  ,0.127936  ,-0.000000 ,1.040000  ,0.015818  ,5.294629  
0.260000  ,1.943797  ,0.421713  ,7.997395  ,8.000000  ,0.125884  ,0.000000  ,1.160000  ,0.020634  ,-4.943945 
0.280000  ,2.103317  ,0.433443  ,7.997637  ,8.000000  ,0.122000  ,0.000000  ,1.270000  ,0.023996  ,-4.435834 
0.300000  ,2.262934  ,0.443819  ,7.997856  ,8.000000  ,0.116525  ,-0.000000 ,1.270000  ,0.020581  ,-3.807186 
0.320000  ,2.422626  ,0.453056  ,7.998055  ,8.000000  ,0.109901  ,-0.000000 ,1.390000  ,0.017810  ,3.128027  
0.340000  ,2.582372  ,0.461389  ,7.998236  ,8.000000  ,0.102365  ,0.000000  ,1.500000  ,0.011663  ,2.446959  
0.360000  ,2.742155  ,0.469050  ,7.998400  ,8.000000  ,0.094221  ,-0.000000 ,1.620000  ,0.008142  ,1.796178  
0.380000  ,2.901961  ,0.476261  ,7.998548  ,8.000000  ,0.085755  ,-0.000000 ,1.740000  ,0.002328  ,1.195546  
0.400000  ,3.061782  ,0.483229  ,7.998683  ,8.000000  ,0.077542  ,-0.000000 ,1.740000  ,-0.004198 ,0.655859  
0.420000  ,3.221608  ,0.490136  ,7.998805  ,8.000000  ,0.069435  ,-0.000000 ,1.850000  ,-0.010421 ,0.181424  
0.440000  ,3.381431  ,0.497145  ,7.998916  ,8.000000  ,0.061794  ,0.000000  ,1.970000  ,-0.017574 ,0.227937  
0.460000  ,3.541246  ,0.504394  ,7.999017  ,8.000000  ,0.054812  ,-0.000000 ,2.080000  ,-0.024850 ,0.575356  
0.480000  ,3.701054  ,0.511844  ,7.999108  ,8.000000  ,0.048504  ,-0.000000 ,2.200000  ,-0.031092 ,0.815049  
0.500000  ,3.860857  ,0.519422  ,7.999191  ,8.000000  ,0.043429  ,-0.000000 ,2.200000  ,-0.035074 ,0.888493  
0.520000  ,4.020655  ,0.527151  ,7.999266  ,8.000000  ,0.038809  ,-0.000000 ,2.310000  ,-0.037670 ,0.808561  
0.540000  ,4.180449  ,0.534999  ,7.999334  ,8.000000  ,0.034978  ,-0.000000 ,2.430000  ,-0.039604 ,0.630947  
0.560000  ,4.340240  ,0.542906  ,7.999396  ,8.000000  ,0.031920  ,0.000000  ,2.550000  ,-0.041720 ,0.396980  
0.580000  ,4.500036  ,0.550762  ,7.999452  ,8.000000  ,0.029574  ,0.000000  ,2.660000  ,-0.042956 ,0.127329  
0.600000  ,4.659852  ,0.558214  ,7.999503  ,8.000000  ,0.028432  ,0.000000  ,2.660000  ,-0.040493 ,0.235923  
0.620000  ,4.819693  ,0.565108  ,7.999549  ,8.000000  ,0.027149  ,0.000000  ,2.780000  ,-0.037036 ,0.720444  
0.640000  ,4.979566  ,0.571277  ,7.999591  ,8.000000  ,0.026061  ,0.000000  ,2.890000  ,-0.033012 ,1.269178  
0.660000  ,5.139471  ,0.576531  ,7.999629  ,8.000000  ,0.025017  ,-0.000000 ,3.010000  ,-0.027933 ,1.835003  
0.680000  ,5.299410  ,0.580675  ,7.999663  ,8.000000  ,0.023859  ,-0.000000 ,3.120000  ,-0.022472 ,-2.385984 
0.700000  ,5.459378  ,0.583520  ,7.999695  ,8.000000  ,0.023425  ,0.000000  ,3.120000  ,-0.013209 ,-2.901697 
0.720000  ,5.619366  ,0.584891  ,7.999723  ,8.000000  ,0.022019  ,-0.000000 ,3.240000  ,-0.006936 ,-3.370275 
0.740000  ,5.779360  ,0.584652  ,7.999749  ,8.000000  ,0.020127  ,-0.000000 ,3.360000  ,0.004224  ,-3.776801 
0.760000  ,5.939345  ,0.582929  ,7.999772  ,8.000000  ,0.017904  ,0.000000  ,3.470000  ,0.001742  ,-4.041047 
0.780000  ,6.099307  ,0.579658  ,7.999793  ,8.000000  ,0.015314  ,-0.000000 ,3.590000  ,0.002935  ,-4.122852 
0.800000  ,6.259229  ,0.574816  ,7.999812  ,8.000000  ,0.013493  ,-0.000000 ,3.590000  ,0.008157  ,-4.073845 
0.820000  ,6.419103  ,0.568579  ,7.999830  ,8.000000  ,0.010841  ,-0.000000 ,3.700000  ,0.005369  ,-3.889902 
0.840000  ,6.578928  ,0.561167  ,7.999846  ,8.000000  ,0.008286  ,-0.000000 ,3.820000  ,-0.001014 ,-3.541283 
0.860000  ,6.738701  ,0.552703  ,7.999860  ,8.000000  ,0.005971  ,-0.000000 ,3.940000  ,-0.003267 ,-3.059821 
0.880000  ,6.898424  ,0.543353  ,7.999873  ,8.000000  ,0.004083  ,-0.000000 ,4.050000  ,-0.019207 ,-2.512795 
0.900000  ,7.058106  ,0.533307  ,7.999885  ,8.000000  ,0.004045  ,-0.000000 ,4.050000  ,-0.026017 ,-1.947705 
0.920000  ,7.217745  ,0.522601  ,7.999895  ,8.000000  ,0.003949  ,0.000000  ,4.170000  ,-0.036884 ,-1.447521 
0.940000  ,7.377340  ,0.511252  ,7.999905  ,8.000000  ,0.004575  ,0.000000  ,4.280000  ,-0.043016 ,-1.097337 
0.960000  ,7.536897  ,0.499378  ,7.999914  ,8.000000  ,0.006050  ,-0.000000 ,4.400000  ,-0.054702 ,-0.902584 
0.980000  ,7.696419  ,0.487043  ,7.999922  ,8.000000  ,0.008445  ,0.000000  ,4.510000  ,-0.061959 ,-0.819569 
1.000000  ,7.855905  ,0.474247  ,7.999929  ,8.000000  ,0.013022  ,0.000000  ,4.510000  ,-0.066522 ,-0.823502 
1.020000  ,8.015331  ,0.460726  ,7.999936  ,8.000000  ,0.017494  ,0.000000  ,4.630000  ,-0.070187 ,-0.967219 
1.040000  ,8.174687  ,0.446403  ,7.999942  ,8.000000  ,0.022575  ,-0.000000 ,4.750000  ,-0.072315 ,-1.272889 
1.060000  ,8.333959  ,0.431170  ,7.999947  ,8.000000  ,0.028168  ,-0.000000 ,4.860000  ,-0.071698 ,-1.677937 
1.080000  ,8.493111  ,0.414732  ,7.999952  ,8.000000  ,0.033986  ,0.000000  ,4.980000  ,-0.070700 ,-2.180703 
1.100000  ,8.652097  ,0.396763  ,7.999957  ,8.000000  ,0.041042  ,-0.000000 ,4.980000  ,-0.064496 ,-2.808825 
1.120000  ,8.810876  ,0.377050  ,7.999961  ,8.000000  ,0.046967  ,0.000000  ,5.090000  ,-0.054719 ,-3.530897 
1.140000  ,8.969396  ,0.355347  ,7.999964  ,8.000000  ,0.052345  ,0.000000  ,5.210000  ,-0.049016 ,-4.281717 
1.160000  ,9.127592  ,0.331403  ,7.999968  ,7.998047  ,0.056918  ,-0.000000 ,5.320000  ,-0.039834 ,-5.016855 
1.180000  ,9.285384  ,0.304975  ,7.999306  ,7.933300  ,0.060436  ,-0.000000 ,5.440000  ,-0.030127 ,-5.709034 
1.200000  ,9.442487  ,0.276040  ,7.976586  ,7.923362  ,0.064155  ,-0.000000 ,5.440000  ,-0.017039 ,-6.338508 
1.220000  ,9.598688  ,0.244580  ,7.958265  ,7.869120  ,0.065788  ,-0.000000 ,5.560000  ,-0.003955 ,-6.842339 
1.240000  ,9.753821  ,0.210465  ,7.927579  ,7.816440  ,0.066012  ,-0.000000 ,5.670000  ,0.011298  ,-7.223601 
1.260000  ,9.907626  ,0.173665  ,7.889322  ,7.750245  ,0.064706  ,0.000000  ,5.790000  ,0.012541  ,-7.541710 
1.280000  ,10.059932 ,0.134419  ,7.841448  ,7.681475  ,0.062060  ,-0.000000 ,5.900000  ,0.012911  ,-7.755488 
1.300000  ,10.210523 ,0.092761  ,7.786382  ,7.680071  ,0.059820  ,-0.000000 ,5.900000  ,0.024035  ,-7.843124 
1.320000  ,10.359518 ,0.048812  ,7.749787  ,7.625490  ,0.055383  ,-0.000000 ,6.020000  ,0.034546  ,-7.747390 
1.340000  ,10.507038 ,0.002750  ,7.707001  ,7.571610  ,0.050035  ,0.000000  ,6.130000  ,0.028914  ,-7.419848 
1.360000  ,10.652991 ,-0.045263 ,7.660396  ,7.489724  ,0.043908  ,0.000000  ,6.250000  ,0.028303  ,-6.923248 
1.380000  ,10.797250 ,-0.094989 ,7.601647  ,7.479075  ,0.038915  ,-0.000000 ,6.250000  ,0.030384  ,-6.355404 
1.400000  ,10.939919 ,-0.146219 ,7.559455  ,7.435532  ,0.032639  ,-0.000000 ,6.370000  ,0.018565  ,-5.729210 
1.420000  ,11.081281 ,-0.198555 ,7.516797  ,7.373671  ,0.026477  ,-0.000000 ,6.480000  ,0.021819  ,-4.983024 
1.440000  ,11.221254 ,-0.251965 ,7.467530  ,7.298924  ,0.020418  ,-0.000000 ,6.600000  ,-0.000832 ,-4.187699 
1.460000  ,11.359773 ,-0.306150 ,7.409492  ,7.290370  ,0.016495  ,0.000000  ,6.600000  ,-0.011845 ,-3.475686 
1.480000  ,11.497008 ,-0.360913 ,7.368487  ,7.235357  ,0.012175  ,0.000000  ,6.710000  ,-0.010857 ,-2.832995 
1.500000  ,11.633139 ,-0.416086 ,7.322660  ,7.171763  ,0.008603  ,-0.000000 ,6.830000  ,-0.015780 ,-2.244955 
1.520000  ,11.768072 ,-0.471600 ,7.270718  ,7.097858  ,0.005771  ,-0.000000 ,6.940000  ,-0.041519 ,-1.765480 
1.540000  ,11.901677 ,-0.527396 ,7.211215  ,7.094606  ,0.005722  ,0.000000  ,6.940000  ,-0.045717 ,-1.465000 
1.560000  ,12.034117 ,-0.583420 ,7.171075  ,7.044160  ,0.005296  ,-0.000000 ,7.060000  ,-0.048952 ,-1.327457 
1.580000  ,12.165544 ,-0.639678 ,7.127388  ,6.975554  ,0.005673  ,-0.000000 ,7.180000  ,-0.061242 ,-1.290849 
1.600000  ,12.295837 ,-0.696131 ,7.075123  ,6.905019  ,0.006795  ,0.000000  ,7.290000  ,-0.077494 ,-1.332265 
1.620000  ,12.424740 ,-0.752989 ,7.016569  ,6.912944  ,0.010947  ,-0.000000 ,7.290000  ,-0.072443 ,-1.506440 
1.640000  ,12.552386 ,-0.810384 ,6.980899  ,6.863075  ,0.013780  ,0.000000  ,7.410000  ,-0.076263 ,-1.835978 
1.660000  ,12.678876 ,-0.868472 ,6.940341  ,6.797284  ,0.016787  ,-0.000000 ,7.520000  ,-0.086135 ,-2.247553 
1.680000  ,12.803949 ,-0.927466 ,6.891097  ,6.793196  ,0.022024  ,0.000000  ,7.520000  ,-0.073813 ,-2.751085 
1.700000  ,12.927528 ,-0.987675 ,6.857397  ,6.757298  ,0.025441  ,0.000000  ,7.640000  ,-0.068492 ,-3.367240 
1.720000  ,13.049632 ,-1.049323 ,6.822941  ,6.693123  ,0.028136  ,-0.000000 ,7.750000  ,-0.064380 ,-4.059755 
1.740000  ,13.170032 ,-1.112539 ,6.778254  ,6.689546  ,0.032199  ,0.000000  ,7.750000  ,-0.047379 ,-4.787649 
1.760000  ,13.288633 ,-1.177533 ,6.747719  ,6.661682  ,0.033900  ,-0.000000 ,7.870000  ,-0.037070 ,-5.492877 
1.780000  ,13.405411 ,-1.244547 ,6.718103  ,6.610153  ,0.034147  ,0.000000  ,7.990000  ,-0.030427 ,-6.128086 
1.800000  ,13.520158 ,-1.313689 ,6.680944  ,6.604914  ,0.035186  ,0.000000  ,7.990000  ,-0.006533 ,-6.706638 
1.820000  ,13.632851 ,-1.384963 ,6.654773  ,6.583807  ,0.033427  ,-0.000000 ,8.100000  ,0.001572  ,-7.167452 
1.840000  ,13.743548 ,-1.458390 ,6.630344  ,6.545124  ,0.029993  ,0.000000  ,8.220000  ,0.002320  ,-7.425574 
1.860000  ,13.852140 ,-1.533953 ,6.601010  ,6.540692  ,0.027623  ,-0.000000 ,8.220000  ,0.023658  ,-7.500427 
1.880000  ,13.958761 ,-1.611433 ,6.580247  ,6.526203  ,0.022578  ,0.000000  ,8.330000  ,0.018790  ,-7.380493 
1.900000  ,14.063591 ,-1.690671 ,6.561644  ,6.499529  ,0.016327  ,-0.000000 ,8.450000  ,0.003998  ,-6.998823 
1.920000  ,14.166765 ,-1.771403 ,6.540262  ,6.496429  ,0.012523  ,0.000000  ,8.450000  ,0.010296  ,-6.392909 
1.940000  ,14.268419 ,-1.853469 ,6.525174  ,6.487487  ,0.000000  ,-0.000000 ,8.560000  ,-0.013015 ,-5.625716 
1.960000  ,14.368759 ,-1.936699 ,6.512201  ,6.472457  ,0.000250  ,-0.000000 ,8.680000  ,-0.042857 ,-4.788611 
1.980000  ,14.467963 ,-2.020868 ,6.498520  ,6.469951  ,0.001962  ,-0.000000 ,8.680000  ,-0.049129 ,-3.952453 
2.000000  ,14.566231 ,-2.105772 ,6.488686  ,6.465401  ,0.005823  ,-0.000000 ,8.800000  ,-0.081856 ,-3.157859 
2.020000  ,14.663667 ,-2.191360 ,6.480671  ,6.460571  ,0.009218  ,0.000000  ,8.910000  ,-0.115664 ,-2.464129 
2.040000  ,14.760326 ,-2.277603 ,6.473752  ,6.457702  ,0.006853  ,-0.000000 ,8.910000  ,-0.126435 ,-1.950826 
2.060000  ,14.856160 ,-2.364577 ,6.468227  ,6.457488  ,0.006519  ,0.000000  ,9.030000  ,-0.152473 ,-1.677980 
2.080000  ,14.951121 ,-2.452369 ,6.464531  ,6.458516  ,0.005659  ,0.000000  ,9.140000  ,-0.174279 ,-1.683194 
2.100000  ,15.045102 ,-2.541125 ,6.462460  ,6.454842  ,0.002138  ,-0.000000 ,9.140000  ,-0.176587 ,-1.941205 
2.120000  ,15.137856 ,-2.631096 ,6.459838  ,6.456924  ,0.006629  ,0.000000  ,9.260000  ,-0.186185 ,-2.438268 
2.140000  ,15.229123 ,-2.722523 ,6.458835  ,6.453018  ,0.015721  ,-0.000000 ,9.260000  ,-0.183285 ,-3.167029 
2.160000  ,15.318575 ,-2.815684 ,6.456833  ,6.455253  ,0.023041  ,-0.000000 ,9.380000  ,-0.177426 ,-4.080141 
2.180000  ,15.405760 ,-2.910934 ,6.456289  ,6.457851  ,0.029635  ,0.000000  ,9.490000  ,-0.167854 ,-5.151341 
2.200000  ,15.490349 ,-3.008492 ,6.456434  ,6.453940  ,0.040685  ,-0.000000 ,9.490000  ,-0.147085 ,-6.333009 
2.220000  ,15.571965 ,-3.108538 ,6.455575  ,6.457316  ,0.047914  ,-0.000000 ,9.610000  ,-0.125199 ,-7.519168 
2.240000  ,15.650218 ,-3.211227 ,6.455737  ,6.464749  ,0.053330  ,0.000000  ,9.720000  ,-0.104103 ,-8.636686 
2.260000  ,15.724723 ,-3.316679 ,6.456574  ,6.460368  ,0.062098  ,0.000000  ,9.720000  ,-0.071937 ,-9.641825 
2.280000  ,15.795122 ,-3.424927 ,6.456926  ,6.468692  ,0.065280  ,-0.000000 ,9.840000  ,-0.044419 ,-10.512808
2.300000  ,15.861419 ,-3.535753 ,6.458018  ,6.487440  ,0.065898  ,0.000000  ,9.950000  ,-0.022878 ,-11.157172
2.320000  ,15.923498 ,-3.649039 ,6.460750  ,6.479955  ,0.069552  ,0.000000  ,9.950000  ,0.007546  ,-11.461904
2.340000  ,15.981210 ,-3.764662 ,6.462533  ,6.499332  ,0.067094  ,-0.000000 ,10.070000 ,0.023926  ,-11.484895
2.360000  ,16.034847 ,-3.882289 ,6.465949  ,6.501123  ,0.065705  ,0.000000  ,10.070000 ,0.047163  ,-11.242398
2.380000  ,16.084615 ,-4.001678 ,6.469215  ,6.519504  ,0.060806  ,0.000000  ,10.190000 ,0.052141  ,-10.688850
2.400000  ,16.131031 ,-4.122497 ,6.473883  ,6.556513  ,0.054207  ,0.000000  ,10.300000 ,0.047886  ,-9.834552 
2.420000  ,16.174515 ,-4.244533 ,6.481555  ,6.557244  ,0.049984  ,-0.000000 ,10.300000 ,0.050954  ,-8.686181 
2.440000  ,16.215448 ,-4.367605 ,6.488582  ,6.586425  ,0.043237  ,-0.000000 ,10.420000 ,0.030536  ,-7.371035 
2.460000  ,16.254488 ,-4.491461 ,6.497665  ,6.645312  ,0.036258  ,-0.000000 ,10.530000 ,0.013369  ,-5.979554 
2.480000  ,16.292122 ,-4.615990 ,6.511373  ,6.642048  ,0.033064  ,-0.000000 ,10.530000 ,-0.001774 ,-4.540551 
2.500000  ,16.328822 ,-4.741067 ,6.523504  ,6.682652  ,0.028709  ,0.000000  ,10.650000 ,-0.029519 ,-3.156378 
2.520000  ,16.365015 ,-4.866572 ,6.538280  ,6.768611  ,0.025432  ,-0.000000 ,10.760000 ,-0.056353 ,-1.901144 
2.540000  ,16.400891 ,-4.992545 ,6.559663  ,6.759449  ,0.026674  ,-0.000000 ,10.760000 ,-0.079945 ,-0.859331 
2.560000  ,16.436626 ,-5.118973 ,6.578211  ,6.818180  ,0.027385  ,-0.000000 ,10.880000 ,-0.099038 ,-0.128556 
2.580000  ,16.472310 ,-5.245839 ,6.600490  ,6.927317  ,0.029485  ,0.000000  ,11.000000 ,-0.113790 ,0.288337  
2.600000  ,16.508081 ,-5.373229 ,6.630832  ,6.911601  ,0.035964  ,0.000000  ,11.000000 ,-0.134459 ,0.437828  
2.620000  ,16.543607 ,-5.501273 ,6.656898  ,6.989861  ,0.041742  ,-0.000000 ,11.110000 ,-0.131877 ,0.324917  
2.640000  ,16.578651 ,-5.630040 ,6.687810  ,7.119844  ,0.048286  ,0.000000  ,11.230000 ,-0.130470 ,-0.091471 
2.660000  ,16.612866 ,-5.759765 ,6.727920  ,7.099300  ,0.057584  ,0.000000  ,11.230000 ,-0.139313 ,-0.762228 
2.680000  ,16.645851 ,-5.890577 ,6.762398  ,7.190406  ,0.065213  ,0.000000  ,11.340000 ,-0.114821 ,-1.648639 
2.700000  ,16.677145 ,-6.022567 ,6.802134  ,7.347684  ,0.072190  ,-0.000000 ,11.460000 ,-0.077381 ,-2.677380 
2.720000  ,16.706422 ,-6.155945 ,6.852783  ,7.326317  ,0.079931  ,-0.000000 ,11.460000 ,-0.068833 ,-3.739159 
2.740000  ,16.733307 ,-6.290789 ,6.896745  ,7.420709  ,0.084966  ,0.000000  ,11.570000 ,-0.042723 ,-4.740670 
2.760000  ,16.757567 ,-6.427071 ,6.945389  ,7.590298  ,0.088215  ,0.000000  ,11.690000 ,-0.007319 ,-5.598350 
2.780000  ,16.779081 ,-6.564914 ,7.005262  ,7.586094  ,0.090640  ,0.000000  ,11.690000 ,0.007205  ,-6.200338 
2.800000  ,16.797864 ,-6.704302 ,7.059186  ,7.688415  ,0.090212  ,0.000000  ,11.810000 ,0.043629  ,-6.499622 
2.820000  ,16.813964 ,-6.845158 ,7.117603  ,7.855923  ,0.087701  ,0.000000  ,11.920000 ,0.058030  ,-6.488069 
2.840000  ,16.827550 ,-6.987555 ,7.186148  ,7.887992  ,0.083735  ,0.000000  ,11.920000 ,0.071870  ,-6.180363 
2.860000  ,16.839095 ,-7.131475 ,7.251306  ,7.987909  ,0.077717  ,-0.000000 ,12.040000 ,0.080338  ,-5.575226 
2.880000  ,16.848991 ,-7.276856 ,7.319692  ,8.000000  ,0.070329  ,0.000000  ,12.150000 ,0.082776  ,-4.696471 
2.900000  ,16.857777 ,-7.423626 ,7.382851  ,8.000000  ,0.062059  ,0.000000  ,12.270000 ,0.079425  ,-3.618184 
2.920000  ,16.865995 ,-7.571635 ,7.440146  ,8.000000  ,0.053256  ,0.000000  ,12.270000 ,0.071623  ,-2.401519 
2.940000  ,16.874208 ,-7.720738 ,7.492123  ,8.000000  ,0.044296  ,-0.000000 ,12.380000 ,0.059760  ,-1.116656 
2.960000  ,16.882867 ,-7.870808 ,7.539273  ,8.000000  ,0.035608  ,-0.000000 ,12.500000 ,0.044875  ,0.156776  
2.980000  ,16.892414 ,-8.021724 ,7.582047  ,8.000000  ,0.027524  ,-0.000000 ,12.620000 ,0.030811  ,1.338827  
3.000000  ,16.903256 ,-8.173370 ,7.620849  ,8.000000  ,0.019631  ,0.000000  ,12.620000 ,0.013819  ,2.389337  
3.020000  ,16.915607 ,-8.325643 ,7.656049  ,8.000000  ,0.013004  ,0.000000  ,12.730000 ,0.001379  ,3.251128  
3.040000  ,16.929614 ,-8.478446 ,7.687981  ,8.000000  ,0.007415  ,0.000000  ,12.850000 ,-0.012752 ,3.870299  
3.060000  ,16.945453 ,-8.631681 ,7.716949  ,8.000000  ,0.003052  ,0.000000  ,12.960000 ,-0.022833 ,4.256546  
3.080000  ,16.963003 ,-8.785286 ,7.743227  ,8.000000  ,0.000550  ,0.000000  ,12.960000 ,-0.029749 ,4.403478  
3.100000  ,16.982276 ,-8.939189 ,7.767066  ,8.000000  ,0.002658  ,0.000000  ,13.080000 ,-0.034288 ,4.321401  
3.120000  ,17.003082 ,-9.093351 ,7.788691  ,8.000000  ,0.000000  ,0.000000  ,13.190000 ,-0.036178 ,4.048771  
3.140000  ,17.025173 ,-9.247751 ,7.808309  ,8.000000  ,0.003834  ,0.000000  ,13.310000 ,-0.034726 ,3.594292  
3.160000  ,17.048383 ,-9.402364 ,7.826105  ,8.000000  ,0.003250  ,-0.000000 ,13.430000 ,-0.031541 ,3.011722  
3.180000  ,17.072480 ,-9.557186 ,7.842249  ,8.000000  ,0.002395  ,-0.000000 ,13.430000 ,-0.028499 ,2.371699  
3.200000  ,17.096989 ,-9.712254 ,7.856895  ,8.000000  ,0.001231  ,0.000000  ,13.540000 ,-0.022445 ,1.653565  
3.220000  ,17.121632 ,-9.867584 ,7.870181  ,8.000000  ,0.000214  ,-0.000000 ,13.660000 ,-0.010775 ,0.849693  
3.240000  ,17.146154 ,-10.023189,7.882233  ,8.000000  ,0.000421  ,-0.000000 ,13.770000 ,0.000207  ,0.034717  
3.260000  ,17.170528 ,-10.179050,7.893166  ,8.000000  ,0.000671  ,-0.000000 ,13.890000 ,0.009629  ,-0.666837 
3.280000  ,17.194539 ,-10.335178,7.903085  ,8.000000  ,0.000180  ,0.000000  ,13.890000 ,0.018781  ,-1.183769 
3.300000  ,17.218014 ,-10.491579,7.912082  ,8.000000  ,0.000905  ,-0.000000 ,14.000000 ,0.026011  ,-1.547368 
3.320000  ,17.240981 ,-10.648228,7.920244  ,8.000000  ,0.002667  ,0.000000  ,14.120000 ,0.030932  ,-1.743527 
3.340000  ,17.263524 ,-10.805097,7.927649  ,8.000000  ,0.005007  ,-0.000000 ,14.240000 ,0.032952  ,-1.738652 
3.360000  ,17.285647 ,-10.962167,7.934366  ,8.000000  ,0.007982  ,0.000000  ,14.240000 ,0.035636  ,-1.562768 
3.380000  ,17.307413 ,-11.119417,7.940459  ,8.000000  ,0.011375  ,-0.000000 ,14.350000 ,0.033959  ,-1.283510 
3.400000  ,17.328915 ,-11.276820,7.945987  ,8.000000  ,0.015128  ,-0.000000 ,14.470000 ,0.035319  ,-0.950289 
3.420000  ,17.350294 ,-11.434346,7.951001  ,8.000000  ,0.019080  ,-0.000000 ,14.580000 ,0.031208  ,-0.588980 
3.440000  ,17.371929 ,-11.591934,7.955550  ,8.000000  ,0.022821  ,-0.000000 ,14.700000 ,0.021105  ,-0.145986 
3.460000  ,17.393998 ,-11.749550,7.959677  ,8.000000  ,0.026096  ,0.000000  ,14.700000 ,0.015012  ,0.405005  
3.480000  ,17.416689 ,-11.907156,7.963421  ,8.000000  ,0.028734  ,0.000000  ,14.810000 ,0.007445  ,1.007305  
3.500000  ,17.440181 ,-12.064717,7.966817  ,8.000000  ,0.030519  ,0.000000  ,14.930000 ,-0.005277 ,1.605746  
3.520000  ,17.464418 ,-12.222230,7.969897  ,8.000000  ,0.031486  ,-0.000000 ,15.050000 ,-0.016079 ,2.092046  
3.540000  ,17.489536 ,-12.379665,7.972692  ,8.000000  ,0.031477  ,0.000000  ,15.160000 ,-0.025747 ,2.405859  
3.560000  ,17.515637 ,-12.536994,7.975227  ,8.000000  ,0.030230  ,0.000000  ,15.160000 ,-0.033280 ,2.584919  
3.580000  ,17.542622 ,-12.694223,7.977527  ,8.000000  ,0.028037  ,-0.000000 ,15.280000 ,-0.039939 ,2.616683  
3.600000  ,17.570348 ,-12.851367,7.979614  ,8.000000  ,0.024951  ,-0.000000 ,15.390000 ,-0.042714 ,2.466682  
3.620000  ,17.598760 ,-13.008429,7.981506  ,8.000000  ,0.021018  ,0.000000  ,15.510000 ,-0.044356 ,2.164084  
3.640000  ,17.627725 ,-13.165427,7.983223  ,8.000000  ,0.016360  ,0.000000  ,15.620000 ,-0.042047 ,1.766013  
3.660000  ,17.656849 ,-13.322429,7.984781  ,8.000000  ,0.011198  ,-0.000000 ,15.620000 ,-0.039569 ,1.241843  
3.680000  ,17.685927 ,-13.479470,7.986194  ,8.000000  ,0.006021  ,0.000000  ,15.740000 ,-0.035155 ,0.583124  
3.700000  ,17.714733 ,-13.636587,7.987475  ,8.000000  ,0.000000  ,0.000000  ,15.860000 ,-0.028645 ,-0.140007 
3.720000  ,17.743022 ,-13.793824,7.988638  ,8.000000  ,0.003774  ,-0.000000 ,15.970000 ,-0.014087 ,-0.871879 
3.740000  ,17.770545 ,-13.951219,7.989693  ,8.000000  ,0.007887  ,0.000000  ,16.090000 ,-0.003145 ,-1.575400 
3.760000  ,17.797063 ,-14.108807,7.990650  ,8.000000  ,0.011276  ,0.000000  ,16.090000 ,0.007999  ,-2.227462 
3.780000  ,17.822380 ,-14.266610,7.991518  ,8.000000  ,0.013495  ,0.000000  ,16.200000 ,0.020525  ,-2.806039 
3.800000  ,17.846559 ,-14.424609,7.992305  ,8.000000  ,0.014691  ,-0.000000 ,16.320000 ,0.031365  ,-3.227052 
3.820000  ,17.869484 ,-14.582809,7.993020  ,8.000000  ,0.014738  ,-0.000000 ,16.440000 ,0.040236  ,-3.448441 
3.840000  ,17.891237 ,-14.741189,7.993668  ,8.000000  ,0.013710  ,0.000000  ,16.550000 ,0.045225  ,-3.470731 
3.860000  ,17.911964 ,-14.899719,7.994256  ,8.000000  ,0.011783  ,-0.000000 ,16.550000 ,0.049763  ,-3.276743 
3.880000  ,17.931735 ,-15.058382,7.994789  ,8.000000  ,0.008906  ,-0.000000 ,16.670000 ,0.050775  ,-2.908903 
3.900000  ,17.950702 ,-15.217154,7.995273  ,8.000000  ,0.000000  ,0.000000  ,16.780000 ,0.056091  ,-2.434120 
3.920000  ,17.969291 ,-15.375980,7.995712  ,8.000000  ,0.001248  ,0.000000  ,16.900000 ,0.046296  ,-1.828439 
3.940000  ,17.987734 ,-15.534831,7.996110  ,8.000000  ,0.002913  ,-0.000000 ,17.010000 ,0.039952  ,-1.088271 
3.960000  ,18.006287 ,-15.693677,7.996471  ,8.000000  ,0.007105  ,0.000000  ,17.010000 ,0.032993  ,-0.287135 
3.980000  ,18.025224 ,-15.852484,7.996799  ,8.000000  ,0.010953  ,0.000000  ,17.130000 ,0.024757  ,0.517150  
4.000000  ,18.044818 ,-16.011218,7.997096  ,8.000000  ,0.014256  ,-0.000000 ,17.250000 ,0.014516  ,1.286255  
4.020000  ,18.065330 ,-16.169842,7.997365  ,8.000000  ,0.016782  ,0.000000  ,17.360000 ,0.001853  ,1.996502  
4.040000  ,18.087001 ,-16.328317,7.997610  ,8.000000  ,0.018320  ,0.000000  ,17.480000 ,-0.009404 ,2.634988  
4.060000  ,18.110019 ,-16.486606,7.997832  ,8.000000  ,0.019032  ,-0.000000 ,17.480000 ,-0.021782 ,3.187278  
4.080000  ,18.134308 ,-16.644709,7.998033  ,8.000000  ,0.018570  ,-0.000000 ,17.590000 ,-0.033754 ,3.574654  
4.100000  ,18.159970 ,-16.802599,7.998216  ,8.000000  ,0.017035  ,0.000000  ,17.710000 ,-0.038840 ,3.758981  
4.120000  ,18.186905 ,-16.960281,7.998381  ,8.000000  ,0.014545  ,0.000000  ,17.820000 ,-0.046775 ,3.743468  
4.140000  ,18.214954 ,-17.117771,7.998532  ,8.000000  ,0.011247  ,-0.000000 ,17.940000 ,-0.045503 ,3.512679  
4.160000  ,18.244007 ,-17.275083,7.998668  ,8.000000  ,0.007458  ,-0.000000 ,17.940000 ,-0.047760 ,3.100971  
4.180000  ,18.273662 ,-17.432285,7.998792  ,8.000000  ,0.003139  ,-0.000000 ,18.060000 ,-0.047451 ,2.506301  
4.200000  ,18.303691 ,-17.589418,7.998904  ,8.000000  ,0.000000  ,-0.000000 ,18.170000 ,-0.035328 ,1.742046  
4.220000  ,18.333832 ,-17.746532,7.999006  ,8.000000  ,0.005683  ,0.000000  ,18.290000 ,-0.025500 ,0.894610  
4.240000  ,18.363799 ,-17.903682,7.999098  ,8.000000  ,0.009665  ,-0.000000 ,18.400000 ,-0.014300 ,0.031383  
4.260000  ,18.393300 ,-18.060921,7.999182  ,8.000000  ,0.012838  ,0.000000  ,18.400000 ,-0.003521 ,-0.802368 
4.280000  ,18.422055 ,-18.218300,7.999258  ,8.000000  ,0.015198  ,0.000000  ,18.520000 ,0.008852  ,-1.578096 
4.300000  ,18.449826 ,-18.375856,7.999327  ,8.000000  ,0.016404  ,0.000000  ,18.630000 ,0.023403  ,-2.270370 
4.320000  ,18.476639 ,-18.533580,7.999389  ,8.000000  ,0.016493  ,0.000000  ,18.750000 ,0.034713  ,-2.793019 
4.340000  ,18.502344 ,-18.691490,7.999446  ,8.000000  ,0.015320  ,0.000000  ,18.870000 ,0.044252  ,-3.103216 
4.360000  ,18.526996 ,-18.849569,7.999497  ,8.000000  ,0.012812  ,0.000000  ,18.870000 ,0.052984  ,-3.201484 
4.380000  ,18.550713 ,-19.007791,7.999544  ,8.000000  ,0.009311  ,-0.000000 ,18.980000 ,0.056936  ,-3.071160 
4.400000  ,18.573570 ,-19.166141,7.999586  ,8.000000  ,0.000000  ,0.000000  ,19.100000 ,0.060677  ,-2.746419 
4.420000  ,18.595939 ,-19.324562,7.999625  ,8.000000  ,0.000341  ,-0.000000 ,19.210000 ,0.059302  ,-2.225703 
4.440000  ,18.618027 ,-19.483022,7.999660  ,8.000000  ,0.005917  ,-0.000000 ,19.330000 ,0.050117  ,-1.523326 
4.460000  ,18.640075 ,-19.641490,7.999691  ,8.000000  ,0.011887  ,-0.000000 ,19.330000 ,0.045216  ,-0.726887 
4.480000  ,18.662356 ,-19.799925,7.999720  ,8.000000  ,0.017689  ,-0.000000 ,19.440000 ,0.039803  ,0.094924  
4.500000  ,18.685148 ,-19.958287,7.999746  ,8.000000  ,0.023166  ,0.000000  ,19.560000 ,0.033161  ,0.895534  
4.520000  ,18.708724 ,-20.116536,7.999769  ,8.000000  ,0.028051  ,-0.000000 ,19.680000 ,0.013199  ,1.645140  
4.540000  ,18.733336 ,-20.274627,7.999791  ,8.000000  ,0.032091  ,-0.000000 ,19.790000 ,0.001170  ,2.326400  
4.560000  ,18.759213 ,-20.432516,7.999810  ,8.000000  ,0.035237  ,-0.000000 ,19.790000 ,-0.009804 ,2.931010  
4.580000  ,18.786555 ,-20.590158,7.999828  ,8.000000  ,0.036957  ,-0.000000 ,19.910000 ,-0.021843 ,3.457025  
4.600000  ,18.815512 ,-20.747512,7.999844  ,8.000000  ,0.037217  ,0.000000  ,20.020000 ,-0.035913 ,3.897539  
4.620000  ,18.845969 ,-20.904582,7.999858  ,8.000000  ,0.036117  ,-0.000000 ,20.140000 ,-0.047162 ,4.178698  
4.640000  ,18.877835 ,-21.061374,7.999872  ,8.000000  ,0.033733  ,-0.000000 ,20.250000 ,-0.055013 ,4.214606  
4.660000  ,18.910967 ,-21.217903,7.999883  ,8.000000  ,0.030216  ,-0.000000 ,20.250000 ,-0.060869 ,3.996316  
4.680000  ,18.945257 ,-21.374183,7.999894  ,8.000000  ,0.025522  ,-0.000000 ,20.370000 ,-0.065735 ,3.570734  
4.700000  ,18.980302 ,-21.530296,7.999904  ,8.000000  ,0.020078  ,0.000000  ,20.490000 ,-0.067491 ,2.945302  
4.720000  ,19.015865 ,-21.686291,7.999913  ,8.000000  ,0.014088  ,-0.000000 ,20.600000 ,-0.055151 ,2.140469  
4.740000  ,19.051671 ,-21.842232,7.999921  ,8.000000  ,0.007785  ,0.000000  ,20.720000 ,-0.047557 ,1.247790  
4.760000  ,19.087267 ,-21.998220,7.999928  ,8.000000  ,0.001265  ,0.000000  ,20.720000 ,-0.039063 ,0.287543  
4.780000  ,19.122181 ,-22.154363,7.999935  ,8.000000  ,0.004665  ,0.000000  ,20.830000 ,-0.027298 ,-0.756996 
4.800000  ,19.156215 ,-22.310700,7.999941  ,8.000000  ,0.010010  ,0.000000  ,20.950000 ,-0.011110 ,-1.798361 
4.820000  ,19.189167 ,-22.467268,7.999947  ,8.000000  ,0.014627  ,0.000000  ,21.060000 ,0.004883  ,-2.705535 
4.840000  ,19.220734 ,-22.624122,7.999952  ,8.000000  ,0.018184  ,-0.000000 ,21.180000 ,0.019153  ,-3.441998 
4.860000  ,19.250693 ,-22.781290,7.999956  ,8.000000  ,0.020526  ,-0.000000 ,21.180000 ,0.033445  ,-4.022348 
4.880000  ,19.279107 ,-22.938745,7.999960  ,8.000000  ,0.021344  ,-0.000000 ,21.300000 ,0.045007  ,-4.390206 
4.900000  ,19.306034 ,-23.096462,7.999964  ,8.000000  ,0.020788  ,0.000000  ,21.410000 ,0.053274  ,-4.473677 
4.920000  ,19.331597 ,-23.254406,7.999967  ,8.000000  ,0.018941  ,-0.000000 ,21.530000 ,0.057995  ,-4.274878 
4.940000  ,19.355895 ,-23.412549,7.999970  ,7.988878  ,0.015863  ,0.000000  ,21.640000 ,0.059848  ,-3.849327 
4.960000  ,19.379329 ,-23.570782,7.996152  ,7.983351  ,0.011891  ,0.000000  ,21.640000 ,0.059911  ,-3.214300 
4.980000  ,19.402139 ,-23.729023,7.991746  ,7.904294  ,0.007288  ,0.000000  ,21.760000 ,0.053952  ,-2.395182 
5.000000  ,19.424573 ,-23.886956,7.961643  ,7.783473  ,0.000000  ,0.000000  ,21.880000 ,0.047293  ,-1.491644 
5.020000  ,19.446868 ,-24.043968,7.900312  ,7.597133  ,0.002674  ,0.000000  ,21.990000 ,0.039547  ,-0.568543 
5.040000  ,19.469232 ,-24.199274,7.795951  ,7.420161  ,0.007378  ,0.000000  ,22.110000 ,0.027755  ,0.362733  
5.060000  ,19.491871 ,-24.352164,7.666595  ,7.435065  ,0.011554  ,-0.000000 ,22.110000 ,0.014898  ,1.323673  
5.080000  ,19.515127 ,-24.502873,7.586897  ,7.332002  ,0.014760  ,0.000000  ,22.220000 ,0.003550  ,2.282486  
5.100000  ,19.539355 ,-24.651728,7.499156  ,7.185391  ,0.016757  ,-0.000000 ,22.340000 ,-0.014713 ,3.207611  
5.120000  ,19.564754 ,-24.798391,7.391150  ,7.013495  ,0.017281  ,-0.000000 ,22.450000 ,-0.030567 ,4.126608  
5.140000  ,19.591195 ,-24.942438,7.261152  ,7.018172  ,0.016472  ,-0.000000 ,22.450000 ,-0.067388 ,5.000923  
5.160000  ,19.618979 ,-25.084081,7.177513  ,6.924449  ,0.013934  ,0.000000  ,22.570000 ,-0.080756 ,5.683454  
5.180000  ,19.648218 ,-25.223684,7.090402  ,6.775423  ,0.009659  ,0.000000  ,22.690000 ,-0.090402 ,6.113053  
5.200000  ,19.678794 ,-25.360987,6.981979  ,6.749535  ,0.003971  ,-0.000000 ,22.690000 ,-0.097531 ,6.327332  
5.220000  ,19.710756 ,-25.496053,6.901966  ,6.659227  ,0.003388  ,0.000000  ,22.800000 ,-0.120235 ,6.307782  
5.240000  ,19.743677 ,-25.629203,6.818409  ,6.544872  ,0.011871  ,0.000000  ,22.920000 ,-0.113726 ,5.970159  
5.260000  ,19.777214 ,-25.760360,6.724251  ,6.398775  ,0.021167  ,0.000000  ,23.030000 ,-0.082274 ,5.266971  
5.280000  ,19.811024 ,-25.889307,6.612214  ,6.425311  ,0.030098  ,-0.000000 ,23.030000 ,-0.102235 ,4.299861  
5.300000  ,19.844622 ,-26.016512,6.547878  ,6.322693  ,0.039310  ,0.000000  ,23.150000 ,-0.070863 ,3.072901  
5.320000  ,19.877711 ,-26.142377,6.470364  ,6.176136  ,0.048082  ,-0.000000 ,23.260000 ,-0.051837 ,1.599581  
5.340000  ,19.909760 ,-26.266651,6.369084  ,6.218454  ,0.054469  ,0.000000  ,23.260000 ,-0.008076 ,0.015028  
5.360000  ,19.940616 ,-26.389677,6.317233  ,6.113557  ,0.060353  ,-0.000000 ,23.380000 ,0.041695  ,-1.513762 
5.380000  ,19.969640 ,-26.511883,6.247123  ,6.091609  ,0.062956  ,0.000000  ,23.380000 ,0.076971  ,-2.903850 
5.400000  ,19.996822 ,-26.633254,6.193591  ,6.029979  ,0.063825  ,0.000000  ,23.500000 ,0.113558  ,-4.137784 
5.420000  ,20.022008 ,-26.753932,6.137272  ,5.923732  ,0.062481  ,-0.000000 ,23.610000 ,0.183697  ,-5.032888 
5.440000  ,20.045369 ,-26.873645,6.063767  ,5.928336  ,0.056614  ,-0.000000 ,23.610000 ,0.216446  ,-5.560999 
5.460000  ,20.067376 ,-26.992408,6.017148  ,5.855678  ,0.050099  ,0.000000  ,23.730000 ,0.241491  ,-5.543840 
5.480000  ,20.088247 ,-27.110333,5.961566  ,5.830644  ,0.040019  ,0.000000  ,23.730000 ,0.267923  ,-4.939901 
5.500000  ,20.108650 ,-27.227324,5.916500  ,5.783093  ,0.029407  ,0.000000  ,23.840000 ,0.275613  ,-3.868700 
5.520000  ,20.129547 ,-27.343303,5.870578  ,5.703555  ,0.018971  ,-0.000000 ,23.960000 ,0.281631  ,-2.309663 
5.540000  ,20.151618 ,-27.458004,5.813085  ,5.708061  ,0.005533  ,0.000000  ,23.960000 ,0.261344  ,-0.300460 
5.560000  ,20.175930 ,-27.571302,5.776933  ,5.650854  ,0.004370  ,0.000000  ,24.070000 ,0.236763  ,1.993401  
5.580000  ,20.203368 ,-27.683060,5.733534  ,5.635389  ,0.014930  ,0.000000  ,24.070000 ,0.188560  ,4.489364  
5.600000  ,20.234677 ,-27.792996,5.699750  ,5.598517  ,0.021013  ,-0.000000 ,24.190000 ,0.134981  ,7.000171  
5.620000  ,20.270591 ,-27.900788,5.664903  ,5.525981  ,0.022588  ,0.000000  ,24.310000 ,0.085126  ,9.353174  
5.640000  ,20.311514 ,-28.005883,5.617083  ,5.536633  ,0.025293  ,0.000000  ,24.310000 ,-0.020879 ,11.511576 
5.660000  ,20.357829 ,-28.107897,5.589390  ,5.486360  ,0.019354  ,-0.000000 ,24.420000 ,-0.036241 ,13.289474 
5.680000  ,20.409512 ,-28.206583,5.553925  ,5.490520  ,0.013571  ,-0.000000 ,24.420000 ,-0.113145 ,14.580638 
5.700000  ,20.466230 ,-28.301807,5.532099  ,5.444123  ,0.000086  ,-0.000000 ,24.540000 ,-0.168903 ,15.231351 
5.720000  ,20.527455 ,-28.393569,5.501816  ,5.439528  ,0.013325  ,-0.000000 ,24.540000 ,-0.225497 ,15.176265 
5.740000  ,20.592490 ,-28.482039,5.480375  ,5.406123  ,0.032677  ,0.000000  ,24.650000 ,-0.233151 ,14.424032 
5.760000  ,20.660520 ,-28.567630,5.454816  ,5.395263  ,0.050496  ,-0.000000 ,24.650000 ,-0.250630 ,13.026254 
5.780000  ,20.730610 ,-28.650948,5.434316  ,5.371158  ,0.071804  ,-0.000000 ,24.770000 ,-0.214165 ,11.068092 
5.800000  ,20.801760 ,-28.732805,5.412576  ,5.354939  ,0.089711  ,-0.000000 ,24.770000 ,-0.184739 ,8.633959  
5.820000  ,20.873020 ,-28.814016,5.392736  ,5.330623  ,0.107903  ,0.000000  ,24.880000 ,-0.170795 ,5.844146  
5.840000  ,20.943676 ,-28.895207,5.371355  ,5.288005  ,0.124917  ,-0.000000 ,25.000000 ,-0.045517 ,2.893012  
5.860000  ,21.012943 ,-28.976923,5.342664  ,5.293003  ,0.131844  ,0.000000  ,25.000000 ,-0.001572 ,0.042550  
5.880000  ,21.080455 ,-29.059512,5.325569  ,5.261464  ,0.139870  ,0.000000  ,25.120000 ,0.145991  ,-2.495923 
5.900000  ,21.145710 ,-29.143395,5.303503  ,5.261029  ,0.137346  ,-0.000000 ,25.120000 ,0.213469  ,-4.525915 
5.920000  ,21.208183 ,-29.228920,5.288882  ,5.228138  ,0.133850  ,0.000000  ,25.230000 ,0.286803  ,-6.061375 
5.940000  ,21.267786 ,-29.316035,5.267972  ,5.223687  ,0.119914  ,0.000000  ,25.230000 ,0.363657  ,-7.168214 
5.960000  ,21.324692 ,-29.404510,5.252728  ,5.201106  ,0.104638  ,-0.000000 ,25.350000 ,0.400000  ,-7.745819 
5.980000  ,21.379251 ,-29.494065,5.234959  ,5.195817  ,0.080362  ,-0.000000 ,25.350000 ,0.400000  ,-7.718688 
6.000000  ,21.431999 ,-29.584341,5.221485  ,5.178548  ,0.055531  ,0.000000  ,25.460000 ,0.400000  ,-7.092425 
6.020000  ,21.483660 ,-29.674917,5.206705  ,5.174177  ,0.023590  ,0.000000  ,25.460000 ,0.400000  ,-5.917842 
6.040000  ,21.535128 ,-29.765308,5.195508  ,5.156248  ,0.007074  ,0.000000  ,25.580000 ,0.400000  ,-4.268602 
6.060000  ,21.587420 ,-29.854935,5.181994  ,5.154387  ,0.042711  ,-0.000000 ,25.580000 ,0.400000  ,-2.222916 
6.080000  ,21.641652 ,-29.943132,5.172491  ,5.130942  ,0.074428  ,0.000000  ,25.690000 ,0.400000  ,0.140424  
6.100000  ,21.698935 ,-30.029084,5.158189  ,5.129208  ,0.108850  ,0.000000  ,25.690000 ,0.400000  ,2.758223  
6.120000  ,21.760030 ,-30.112066,5.148213  ,5.119249  ,0.136613  ,-0.000000 ,25.810000 ,0.400000  ,5.521127  
6.140000  ,21.825526 ,-30.191357,5.138243  ,5.115922  ,0.165559  ,-0.000000 ,25.810000 ,0.400000  ,8.198229  
6.160000  ,21.895872 ,-30.266132,5.130560  ,5.107121  ,0.185692  ,-0.000000 ,25.930000 ,0.380297  ,10.609195 
6.180000  ,21.971319 ,-30.335517,5.122491  ,5.104361  ,0.205572  ,0.000000  ,25.930000 ,0.323433  ,12.684575 
6.200000  ,22.051899 ,-30.398631,5.116250  ,5.100211  ,0.214869  ,-0.000000 ,26.040000 ,0.204370  ,14.409220 
6.220000  ,22.137432 ,-30.454632,5.110729  ,5.097438  ,0.222615  ,-0.000000 ,26.040000 ,0.117391  ,15.798974 
6.240000  ,22.227454 ,-30.502872,5.106154  ,5.099741  ,0.218800  ,-0.000000 ,26.160000 ,0.030149  ,16.875017 
6.260000  ,22.321370 ,-30.542839,5.103947  ,5.092359  ,0.212669  ,-0.000000 ,26.160000 ,-0.088939 ,17.613135 
6.280000  ,22.418366 ,-30.574413,5.099958  ,5.091686  ,0.195087  ,0.000000  ,26.270000 ,-0.170103 ,18.020372 
6.300000  ,22.517583 ,-30.597824,5.097111  ,5.084170  ,0.175536  ,0.000000  ,26.270000 ,-0.319036 ,18.026421 
6.320000  ,22.618238 ,-30.613529,5.092656  ,5.087120  ,0.145716  ,0.000000  ,26.390000 ,-0.361134 ,17.571758 
6.340000  ,22.719682 ,-30.622211,5.090750  ,5.083721  ,0.115234  ,-0.000000 ,26.390000 ,-0.400000 ,16.648324 
6.360000  ,22.821427 ,-30.624762,5.088331  ,5.093295  ,0.075755  ,0.000000  ,26.500000 ,-0.391951 ,15.292264 
6.380000  ,22.923158 ,-30.622243,5.088792  ,5.083838  ,0.038263  ,-0.000000 ,26.500000 ,-0.400000 ,13.555614 
6.400000  ,23.024711 ,-30.615859,5.087086  ,5.087856  ,0.002795  ,-0.000000 ,26.500000 ,-0.400000 ,11.509002 
6.420000  ,23.126058 ,-30.606913,5.087158  ,5.083735  ,0.046520  ,-0.000000 ,26.620000 ,-0.400000 ,9.214796  
6.440000  ,23.227284 ,-30.596787,5.085980  ,5.082154  ,0.086802  ,-0.000000 ,26.620000 ,-0.400000 ,6.723979  
6.460000  ,23.328510 ,-30.586923,5.084663  ,5.083496  ,0.127727  ,0.000000  ,26.740000 ,-0.400000 ,4.081538  
6.480000  ,23.429872 ,-30.578810,5.084261  ,5.086977  ,0.160710  ,-0.000000 ,26.740000 ,-0.344092 ,1.321191  
6.500000  ,23.531437 ,-30.573955,5.084513  ,5.084239  ,0.191368  ,-0.000000 ,26.850000 ,-0.390505 ,1.523329  
6.520000  ,23.633116 ,-30.573487,5.084419  ,5.084133  ,0.210681  ,-0.000000 ,26.850000 ,-0.347844 ,-4.389304 
6.540000  ,23.734672 ,-30.578365,5.084320  ,5.086711  ,0.224532  ,-0.000000 ,26.970000 ,-0.124556 ,-7.094224 
6.560000  ,23.835756 ,-30.589288,5.084542  ,5.098909  ,0.231151  ,-0.000000 ,27.080000 ,0.194809  ,-9.476540 
6.580000  ,23.935952 ,-30.606627,5.085876  ,5.093624  ,0.218518  ,-0.000000 ,27.080000 ,0.274734  ,-11.411965
6.600000  ,24.034659 ,-30.631123,5.086595  ,5.116302  ,0.203057  ,-0.000000 ,27.200000 ,0.400000  ,-12.836727
6.620000  ,24.131370 ,-30.662710,5.089353  ,5.112607  ,0.169379  ,0.000000  ,27.200000 ,0.400000  ,-13.910579
6.640000  ,24.225686 ,-30.700992,5.091512  ,5.131342  ,0.133256  ,-0.000000 ,27.310000 ,0.400000  ,-14.527371
6.660000  ,24.317337 ,-30.745419,5.095210  ,5.126032  ,0.080961  ,0.000000  ,27.310000 ,0.400000  ,-14.602159
6.680000  ,24.406224 ,-30.795285,5.098071  ,5.169428  ,0.029031  ,0.000000  ,27.430000 ,0.400000  ,-14.139295
6.700000  ,24.492469 ,-30.849780,5.104696  ,5.150240  ,0.037871  ,-0.000000 ,27.430000 ,0.400000  ,-13.173040
6.720000  ,24.576385 ,-30.907993,5.108924  ,5.163572  ,0.108097  ,0.000000  ,27.430000 ,0.400000  ,-11.775723
6.740000  ,24.658455 ,-30.968942,5.113998  ,5.199866  ,0.176554  ,0.000000  ,27.550000 ,0.400000  ,-10.026231
6.760000  ,24.739362 ,-31.031644,5.121970  ,5.183805  ,0.254953  ,-0.000000 ,27.550000 ,0.400000  ,-7.980081 
6.780000  ,24.819885 ,-31.095062,5.127710  ,5.194028  ,0.333971  ,0.000000  ,27.550000 ,0.400000  ,-5.700975 
6.800000  ,24.900857 ,-31.158098,5.133867  ,5.262609  ,0.407498  ,-0.000000 ,27.660000 ,0.400000  ,-3.241537 
6.820000  ,24.983189 ,-31.219647,5.145819  ,5.243298  ,0.488897  ,0.000000  ,27.660000 ,0.400000  ,-0.644535 
6.840000  ,25.067710 ,-31.278515,5.154869  ,5.239241  ,0.568299  ,-0.000000 ,27.660000 ,0.400000  ,2.052036  
6.860000  ,25.154884 ,-31.333687,5.162702  ,5.259367  ,0.644855  ,0.000000  ,27.660000 ,0.400000  ,4.789210  
6.880000  ,25.245001 ,-31.384246,5.171677  ,5.310456  ,0.714998  ,0.000000  ,27.780000 ,0.400000  ,7.383309  
6.900000  ,25.338236 ,-31.429288,5.184561  ,5.286039  ,0.787625  ,0.000000  ,27.780000 ,0.400000  ,9.672035  
6.920000  ,25.434536 ,-31.467932,5.193982  ,5.314276  ,0.855177  ,0.000000  ,27.780000 ,0.400000  ,11.619022 
6.940000  ,25.484009 ,-31.484600,0.050539  ,0.896853  ,0.881803  ,-0.000000 ,27.890000 ,0.400000  ,18.637891 
6.960000  ,25.485815 ,-31.484597,0.129110  ,0.977467  ,0.882468  ,-0.000000 ,27.890000 ,0.400000  ,0.065939  
6.980000  ,25.489194 ,-31.484581,0.207870  ,1.058275  ,0.883703  ,-0.000000 ,27.890000 ,0.400000  ,0.123656  
7.000000  ,25.494150 ,-31.484531,0.286821  ,1.139278  ,0.885489  ,0.000000  ,27.890000 ,0.400000  ,0.181512  
7.020000  ,25.500687 ,-31.484416,0.365962  ,1.220477  ,0.887801  ,-0.000000 ,27.890000 ,0.400000  ,0.239508  
7.040000  ,25.508806 ,-31.484198,0.445295  ,1.301872  ,0.890601  ,-0.000000 ,27.890000 ,0.400000  ,0.297644  
7.060000  ,25.518486 ,-31.483574,0.524818  ,1.383464  ,0.893602  ,0.000000  ,27.890000 ,0.400000  ,1.154214  
