# laptime, ego_x_pos, ego_y_pos, actual speed, expected speed, tracking error
0.000000  ,0.203325  ,0.030742  ,-0.008562 ,0.898900  ,0.008181  ,0.000654  
0.000000  ,0.214813  ,0.042230  ,0.002926  ,0.913116  ,0.000000  ,0.102461  
0.020000  ,0.152245  ,-0.020674 ,-0.009097 ,0.898312  ,0.057328  ,-0.026973 
0.020000  ,0.298109  ,0.125190  ,0.136767  ,1.055657  ,0.082056  ,0.037628  
0.040000  ,0.174995  ,0.000285  ,0.090513  ,1.006397  ,0.037378  ,-0.028374 
0.040000  ,0.173630  ,-0.001080 ,0.089149  ,1.004944  ,0.038682  ,-0.014689 
0.060000  ,0.135079  ,-0.043005 ,0.128588  ,1.046946  ,0.078891  ,-0.004523 
0.060000  ,0.212329  ,0.034245  ,0.205838  ,1.129217  ,0.000000  ,0.101241  
0.080000  ,0.184195  ,0.001159  ,0.250310  ,1.176580  ,0.036904  ,-0.023763 
0.080000  ,0.227845  ,0.044809  ,0.293960  ,1.223068  ,0.004806  ,0.016743  
0.100000  ,0.063954  ,-0.125625 ,0.205905  ,1.129289  ,0.165321  ,0.050854  
0.100000  ,0.374629  ,0.185051  ,0.516581  ,1.460159  ,0.137361  ,0.068886  
0.120000  ,0.323845  ,0.126212  ,0.528061  ,1.472385  ,0.078946  ,0.016186  
0.120000  ,0.175294  ,-0.022339 ,0.379510  ,1.314178  ,0.059993  ,-0.003880 
0.140000  ,0.280469  ,0.073221  ,0.570604  ,1.517694  ,0.030904  ,0.039304  
0.140000  ,0.287468  ,0.080220  ,0.577603  ,1.525148  ,0.037592  ,-0.014412 
0.160000  ,0.157704  ,-0.060514 ,0.527230  ,1.471500  ,0.097367  ,-0.042115 
0.160000  ,0.338125  ,0.119906  ,0.707651  ,1.663648  ,0.072521  ,-0.057881 
0.180000  ,0.259662  ,0.028757  ,0.694143  ,1.649262  ,0.012613  ,0.000805  
0.180000  ,0.198820  ,-0.032085 ,0.633301  ,1.584465  ,0.070752  ,0.022563  
0.200000  ,0.248063  ,0.002670  ,0.755067  ,1.714146  ,0.038171  ,-0.050698 
0.200000  ,0.236237  ,-0.009156 ,0.743241  ,1.701551  ,0.049472  ,-0.020723 
0.220000  ,0.335699  ,0.074367  ,0.911404  ,1.880645  ,0.027004  ,0.053766  
0.220000  ,0.254957  ,-0.006375 ,0.830662  ,1.794655  ,0.047508  ,-0.012210 
0.240000  ,0.197020  ,-0.081713 ,0.847182  ,1.812249  ,0.120256  ,0.047649  
0.240000  ,0.326685  ,0.047951  ,0.976846  ,1.950341  ,0.000664  ,-0.115775 
0.260000  ,0.371294  ,0.073856  ,1.079247  ,2.059398  ,0.026198  ,-0.094467 
0.260000  ,0.364230  ,0.066792  ,1.072183  ,2.051875  ,0.019193  ,0.045582  
0.280000  ,0.475055  ,0.157382  ,1.254796  ,2.246358  ,0.108859  ,0.026707  
0.280000  ,0.333079  ,0.015405  ,1.112819  ,2.095152  ,0.031933  ,-0.011444 
0.300000  ,0.308702  ,-0.030766 ,1.166953  ,2.152805  ,0.074212  ,-0.045976 
0.300000  ,0.382210  ,0.042742  ,1.240461  ,2.231091  ,0.005005  ,-0.000930 
0.320000  ,0.413976  ,0.050909  ,1.330687  ,2.327181  ,0.000000  ,-0.093589 
0.320000  ,0.422875  ,0.059808  ,1.339585  ,2.336658  ,0.011721  ,-0.054907 
0.340000  ,0.372353  ,-0.016224 ,1.354117  ,2.352135  ,0.063887  ,-0.082141 
0.340000  ,0.468761  ,0.080184  ,1.450525  ,2.454809  ,0.031717  ,0.008888  
0.360000  ,0.418991  ,0.003290  ,1.457754  ,2.462508  ,0.044762  ,-0.027759 
0.360000  ,0.440318  ,0.024617  ,1.479081  ,2.485222  ,0.023613  ,-0.015540 
0.380000  ,0.513909  ,0.069364  ,1.610161  ,2.624821  ,0.021141  ,0.099317  
0.380000  ,0.539443  ,0.094898  ,1.635695  ,2.652015  ,0.046298  ,-0.062907 
0.400000  ,0.596218  ,0.120924  ,1.754964  ,2.779037  ,0.071487  ,-0.053035 
0.400000  ,0.555122  ,0.079828  ,1.713869  ,2.735270  ,0.030999  ,-0.031613 
0.420000  ,0.622067  ,0.113615  ,1.846785  ,2.876826  ,0.063800  ,-0.017088 
0.420000  ,0.601195  ,0.092743  ,1.825913  ,2.854597  ,0.043237  ,-0.070893 
0.440000  ,0.666681  ,0.122263  ,1.955047  ,2.992126  ,0.071792  ,0.020778  
0.440000  ,0.622273  ,0.077855  ,1.910639  ,2.944831  ,0.028040  ,-0.049456 
0.460000  ,0.642699  ,0.059308  ,1.994049  ,3.033662  ,0.009196  ,0.033528  
0.460000  ,0.599590  ,0.016199  ,1.950940  ,2.987751  ,0.033275  ,0.047239  
0.480000  ,0.678068  ,0.052827  ,2.084826  ,3.130340  ,0.002196  ,-0.016354 
0.480000  ,0.691741  ,0.066499  ,2.098499  ,3.144901  ,0.015667  ,0.010484  
0.500000  ,0.770096  ,0.100233  ,2.230400  ,3.285376  ,0.048426  ,0.081353  
0.500000  ,0.740284  ,0.070420  ,2.200587  ,3.253625  ,0.019188  ,0.018598  
0.520000  ,0.729900  ,0.012889  ,2.247241  ,3.303312  ,0.038134  ,0.030792  
0.520000  ,0.805071  ,0.088060  ,2.322412  ,3.383369  ,0.035587  ,0.053958  
0.540000  ,0.756332  ,-0.009953 ,2.320976  ,3.381840  ,0.061477  ,-0.014306 
0.540000  ,0.840580  ,0.074295  ,2.405224  ,3.471564  ,0.021146  ,0.030093  
0.560000  ,0.962307  ,0.145061  ,2.570940  ,3.648051  ,0.089473  ,0.076129  
0.560000  ,0.847109  ,0.029863  ,2.455742  ,3.525365  ,0.023403  ,0.026322  
0.580000  ,0.861780  ,-0.007922 ,2.528484  ,3.602836  ,0.061461  ,0.036911  
0.580000  ,0.833712  ,-0.035990 ,2.500416  ,3.572943  ,0.088988  ,-0.039488 
0.600000  ,1.064946  ,0.141506  ,2.773381  ,3.863651  ,0.084176  ,-0.074218 
0.600000  ,0.959229  ,0.035790  ,2.667665  ,3.751063  ,0.019730  ,-0.065955 
0.620000  ,1.024319  ,0.045664  ,2.787884  ,3.879096  ,0.010963  ,-0.041982 
0.620000  ,1.026967  ,0.048311  ,2.790531  ,3.881916  ,0.008361  ,-0.031079 
0.640000  ,1.066378  ,0.031137  ,2.874197  ,3.971020  ,0.026202  ,0.063014  
0.640000  ,1.211392  ,0.176151  ,3.019211  ,4.125459  ,0.116326  ,-0.047769 
0.660000  ,1.014769  ,-0.078474 ,2.863984  ,3.960143  ,0.134921  ,0.045783  
0.660000  ,1.174453  ,0.081210  ,3.023668  ,4.130206  ,0.022067  ,0.101402  
0.680000  ,1.259343  ,0.106700  ,3.137747  ,4.251701  ,0.046021  ,0.063340  
0.680000  ,1.340754  ,0.188111  ,3.219158  ,4.338403  ,0.126018  ,-0.033909 
0.700000  ,1.234898  ,0.021448  ,3.159238  ,4.274589  ,0.038776  ,0.005185  
0.700000  ,1.301855  ,0.088405  ,3.226195  ,4.345898  ,0.026961  ,0.015331  
0.720000  ,1.406239  ,0.130833  ,3.366494  ,4.495316  ,0.067501  ,0.001833  
0.720000  ,1.353122  ,0.077716  ,3.313377  ,4.438747  ,0.015408  ,-0.069871 
0.740000  ,1.401990  ,0.063167  ,3.407207  ,4.538676  ,0.000000  ,0.055550  
0.740000  ,1.330206  ,-0.008617 ,3.335423  ,4.462226  ,0.070472  ,0.023231  
0.760000  ,1.498461  ,0.094265  ,3.540119  ,4.680227  ,0.029181  ,-0.007958 
0.760000  ,1.570715  ,0.166519  ,3.612373  ,4.757177  ,0.100062  ,-0.075090 
0.780000  ,1.504948  ,0.033120  ,3.584246  ,4.727222  ,0.032078  ,-0.057419 
0.780000  ,1.557239  ,0.085410  ,3.636537  ,4.782912  ,0.019233  ,0.008274  
0.800000  ,1.601013  ,0.059270  ,3.710085  ,4.861240  ,0.007760  ,0.014229  
0.800000  ,1.656410  ,0.114667  ,3.765481  ,4.920237  ,0.046540  ,0.007526  
0.820000  ,1.609556  ,-0.004394 ,3.749171  ,4.902867  ,0.071579  ,0.018812  
0.820000  ,1.664306  ,0.050356  ,3.803921  ,4.961176  ,0.017913  ,0.013175  
0.840000  ,1.726301  ,0.038030  ,3.888426  ,5.051173  ,0.031384  ,0.021796  
0.840000  ,1.730885  ,0.042614  ,3.893010  ,5.056055  ,0.026895  ,0.022237  
0.860000  ,1.909120  ,0.144526  ,4.096197  ,5.272449  ,0.071443  ,0.056667  
0.860000  ,1.843673  ,0.079079  ,4.030750  ,5.202749  ,0.007263  ,-0.082974 
0.880000  ,1.957161  ,0.114070  ,4.177835  ,5.359394  ,0.039976  ,0.088574  
0.880000  ,2.032386  ,0.189296  ,4.253060  ,5.439509  ,0.113589  ,0.006867  
0.900000  ,1.920800  ,-0.003186 ,4.170152  ,5.351212  ,0.076483  ,0.075481  
0.900000  ,1.998797  ,0.074811  ,4.248149  ,5.434278  ,0.000158  ,0.074735  
0.920000  ,2.153792  ,0.146453  ,4.418450  ,5.615649  ,0.068225  ,0.130553  
0.920000  ,2.083547  ,0.076208  ,4.348205  ,5.540838  ,0.000558  ,0.050938  
0.940000  ,2.161731  ,0.068825  ,4.454641  ,5.654193  ,0.009559  ,0.134880  
0.940000  ,2.142503  ,0.049597  ,4.435413  ,5.633715  ,0.028360  ,0.077920  
0.960000  ,2.257119  ,0.076342  ,4.568776  ,5.775746  ,0.004143  ,0.005927  
0.960000  ,2.270432  ,0.089655  ,4.582089  ,5.789925  ,0.008874  ,0.030039  
0.980000  ,2.336109  ,0.064907  ,4.665437  ,5.878691  ,0.017251  ,-0.003230 
0.980000  ,2.266951  ,-0.004252 ,4.596279  ,5.805037  ,0.084933  ,0.013838  
1.000000  ,2.509920  ,0.146025  ,4.854015  ,6.079526  ,0.059960  ,0.008978  
1.000000  ,2.457516  ,0.093621  ,4.801612  ,6.023717  ,0.008682  ,0.039408  
1.020000  ,2.560071  ,0.101270  ,4.925108  ,6.155240  ,0.014029  ,-0.056916 
1.020000  ,2.511025  ,0.052224  ,4.876062  ,6.103006  ,0.033841  ,-0.026060 
1.040000  ,2.648908  ,0.092841  ,5.028613  ,6.265473  ,0.003497  ,0.009425  
1.040000  ,2.575159  ,0.019092  ,4.954864  ,6.186930  ,0.068484  ,0.042622  
1.060000  ,2.732865  ,0.077242  ,5.124580  ,6.367678  ,0.014021  ,-0.018749 
1.060000  ,2.666118  ,0.010494  ,5.057832  ,6.296591  ,0.079235  ,-0.022925 
1.080000  ,2.805149  ,0.047834  ,5.205522  ,6.453881  ,0.045197  ,0.023911  
1.080000  ,2.852935  ,0.095620  ,5.253308  ,6.504773  ,0.001400  ,0.042765  
1.100000  ,2.959131  ,0.098056  ,5.363464  ,6.622089  ,0.001270  ,0.066699  
1.100000  ,2.970175  ,0.109099  ,5.374507  ,6.633850  ,0.012028  ,-0.044531 
1.120000  ,3.013233  ,0.046336  ,5.424639  ,6.687241  ,0.051811  ,0.003651  
1.120000  ,3.126111  ,0.159213  ,5.537516  ,6.807455  ,0.058228  ,-0.023459 
1.140000  ,3.160144  ,0.085395  ,5.571667  ,6.843826  ,0.016462  ,-0.007809 
1.140000  ,3.230792  ,0.156042  ,5.642315  ,6.919066  ,0.052298  ,0.106436  
1.160000  ,3.240883  ,0.056290  ,5.654497  ,6.932039  ,0.047686  ,0.081887  
1.160000  ,3.401541  ,0.216947  ,5.815154  ,7.103139  ,0.108682  ,-0.037022 
1.180000  ,3.351686  ,0.055271  ,5.762607  ,7.047177  ,0.051574  ,-0.027057 
1.180000  ,3.343385  ,0.046970  ,5.754306  ,7.038336  ,0.059645  ,-0.017577 
1.200000  ,3.492486  ,0.082319  ,5.898690  ,7.192104  ,0.028379  ,-0.046516 
1.200000  ,3.600677  ,0.190510  ,6.006880  ,7.307327  ,0.076824  ,0.112043  
1.220000  ,3.659963  ,0.134104  ,6.062136  ,7.366175  ,0.018767  ,-0.026691 
1.220000  ,3.598653  ,0.072793  ,6.000826  ,7.300880  ,0.040789  ,-0.014986 
1.240000  ,3.834999  ,0.191443  ,6.236178  ,7.551529  ,0.071117  ,-0.080533 
1.240000  ,3.771227  ,0.127671  ,6.172406  ,7.483612  ,0.009232  ,-0.009670 
1.260000  ,3.839951  ,0.076478  ,6.243601  ,7.559435  ,0.043943  ,-0.003139 
1.260000  ,3.936346  ,0.172873  ,6.339996  ,7.662095  ,0.049666  ,-0.076476 
1.280000  ,4.025275  ,0.139563  ,6.417882  ,7.745045  ,0.013696  ,0.021437  
1.280000  ,4.067258  ,0.181547  ,6.459866  ,7.789757  ,0.054397  ,-0.007107 
1.300000  ,4.154042  ,0.143580  ,6.539656  ,7.874734  ,0.013886  ,0.015221  
1.300000  ,4.181802  ,0.171341  ,6.567417  ,7.904299  ,0.040772  ,0.049981  
1.320000  ,4.308244  ,0.170552  ,6.685058  ,8.000000  ,0.036153  ,0.004374  
1.320000  ,4.341737  ,0.204045  ,6.718552  ,8.000000  ,0.068558  ,-0.017775 
1.340000  ,4.356210  ,0.088732  ,6.721935  ,8.000000  ,0.047159  ,0.023824  
1.340000  ,4.481385  ,0.213907  ,6.847110  ,8.000000  ,0.073951  ,0.021115  
1.360000  ,4.473112  ,0.073334  ,6.813924  ,8.000000  ,0.066286  ,-0.022112 
1.360000  ,4.566920  ,0.167142  ,6.907732  ,8.000000  ,0.024512  ,-0.065506 
1.380000  ,4.747515  ,0.213209  ,7.050876  ,8.000000  ,0.064666  ,0.031487  
1.380000  ,4.777696  ,0.243389  ,7.081056  ,8.000000  ,0.093808  ,-0.080707 
1.400000  ,4.922773  ,0.252012  ,7.177312  ,8.000000  ,0.097592  ,-0.074535 
1.400000  ,4.836871  ,0.166110  ,7.091409  ,8.000000  ,0.014570  ,-0.035055 
1.420000  ,4.971801  ,0.162724  ,7.167198  ,8.000000  ,0.006654  ,0.039477  
1.420000  ,4.957034  ,0.147958  ,7.152432  ,8.000000  ,0.007591  ,-0.007124 
1.440000  ,5.129190  ,0.179995  ,7.256083  ,8.000000  ,0.018514  ,0.030427  
1.440000  ,5.120139  ,0.170944  ,7.247032  ,8.000000  ,0.009791  ,-0.151769 
1.460000  ,5.293962  ,0.203137  ,7.343858  ,8.000000  ,0.035763  ,0.053493  
1.460000  ,5.231223  ,0.140398  ,7.281119  ,8.000000  ,0.024698  ,0.031536  
1.480000  ,5.370465  ,0.136779  ,7.335667  ,8.000000  ,0.033248  ,0.061333  
1.480000  ,5.418321  ,0.184634  ,7.383522  ,8.000000  ,0.012825  ,-0.040077 
1.500000  ,5.632187  ,0.254560  ,7.505711  ,8.000000  ,0.074857  ,0.011145  
1.500000  ,5.510418  ,0.132791  ,7.383941  ,8.000000  ,0.042265  ,-0.041367 
1.520000  ,5.632543  ,0.110059  ,7.408056  ,8.000000  ,0.069556  ,0.018383  
1.520000  ,5.741668  ,0.219184  ,7.517182  ,8.000000  ,0.035460  ,-0.027070 
1.540000  ,5.880212  ,0.211966  ,7.551968  ,8.000000  ,0.022937  ,0.109684  
1.540000  ,5.919084  ,0.250837  ,7.590840  ,8.000000  ,0.060361  ,-0.082352 
1.560000  ,6.012998  ,0.198222  ,7.575785  ,8.000000  ,0.000000  ,-0.054084 
1.560000  ,6.116819  ,0.302042  ,7.679606  ,8.000000  ,0.103850  ,0.053712  
1.580000  ,6.207195  ,0.245215  ,7.656285  ,8.000000  ,0.043453  ,0.045247  
1.580000  ,6.189631  ,0.227652  ,7.638721  ,8.000000  ,0.026606  ,0.025985  
1.600000  ,6.357164  ,0.247395  ,7.688270  ,8.000000  ,0.039668  ,0.014914  
1.600000  ,6.395524  ,0.285756  ,7.726631  ,8.000000  ,0.076431  ,0.017013  
1.620000  ,6.491747  ,0.233658  ,7.700981  ,8.000000  ,0.020450  ,-0.052604 
1.620000  ,6.496886  ,0.238797  ,7.706120  ,8.000000  ,0.025374  ,-0.017921 
1.640000  ,6.698152  ,0.291115  ,7.781979  ,8.000000  ,0.069359  ,0.069347  
1.640000  ,6.495014  ,0.087977  ,7.578842  ,8.000000  ,0.125243  ,-0.043650 
1.660000  ,6.765228  ,0.208637  ,7.720443  ,8.000000  ,0.015808  ,-0.033237 
1.660000  ,6.729252  ,0.172660  ,7.684467  ,8.000000  ,0.050228  ,0.043421  
1.680000  ,6.929838  ,0.223080  ,7.753531  ,8.000000  ,0.008293  ,0.061823  
1.680000  ,6.911518  ,0.204760  ,7.735211  ,8.000000  ,0.025807  ,0.044645  
1.700000  ,7.077924  ,0.220524  ,7.767457  ,8.000000  ,0.017225  ,0.055512  
1.700000  ,7.084936  ,0.227535  ,7.774469  ,8.000000  ,0.010522  ,0.024678  
1.720000  ,7.290957  ,0.282579  ,7.843940  ,8.000000  ,0.035538  ,-0.023884 
1.720000  ,7.373166  ,0.364788  ,7.926149  ,8.000000  ,0.114087  ,0.068073  
1.740000  ,7.431599  ,0.271938  ,7.845864  ,8.000000  ,0.018734  ,0.031698  
1.740000  ,7.441024  ,0.281364  ,7.855290  ,8.000000  ,0.027732  ,0.020657  
1.760000  ,7.621503  ,0.310318  ,7.895085  ,8.000000  ,0.048630  ,0.018578  
1.760000  ,7.539462  ,0.228277  ,7.813044  ,8.000000  ,0.029633  ,0.045657  
1.780000  ,7.765299  ,0.302431  ,7.896416  ,8.000000  ,0.034298  ,0.006670  
1.780000  ,7.713551  ,0.250683  ,7.844668  ,8.000000  ,0.015036  ,0.018078  
1.800000  ,7.819209  ,0.204435  ,7.806244  ,8.000000  ,0.066054  ,0.011208  
1.800000  ,7.912097  ,0.297323  ,7.899132  ,8.000000  ,0.022549  ,0.039669  
1.820000  ,8.018712  ,0.251730  ,7.860194  ,8.000000  ,0.027913  ,0.046590  
1.820000  ,8.010203  ,0.243221  ,7.851684  ,8.000000  ,0.036021  ,-0.042250 
1.840000  ,8.163572  ,0.244271  ,7.858170  ,8.000000  ,0.042027  ,0.044025  
1.840000  ,8.228834  ,0.309534  ,7.923432  ,8.000000  ,0.020122  ,0.024909  
1.860000  ,8.330673  ,0.259108  ,7.877187  ,8.000000  ,0.034964  ,0.001289  
1.860000  ,8.358546  ,0.286981  ,7.905060  ,8.000000  ,0.008434  ,-0.113367 
1.880000  ,8.553525  ,0.329778  ,7.950868  ,8.000000  ,0.025157  ,-0.023197 
1.880000  ,8.502458  ,0.278711  ,7.899801  ,8.000000  ,0.023469  ,-0.037491 
1.900000  ,8.682462  ,0.306660  ,7.929648  ,8.000000  ,0.004055  ,-0.036005 
1.900000  ,8.702824  ,0.327023  ,7.950011  ,8.000000  ,0.015352  ,0.012078  
1.920000  ,8.834431  ,0.306602  ,7.930566  ,8.000000  ,0.011338  ,0.036853  
1.920000  ,8.846792  ,0.318962  ,7.942927  ,8.000000  ,0.000418  ,0.039272  
1.940000  ,9.055298  ,0.375517  ,7.999571  ,8.000000  ,0.046923  ,0.059826  
1.940000  ,8.906708  ,0.226927  ,7.850981  ,8.000000  ,0.094348  ,-0.022780 
1.960000  ,9.089080  ,0.257604  ,7.880762  ,8.000000  ,0.072479  ,-0.010358 
1.960000  ,9.180765  ,0.349289  ,7.972447  ,8.000000  ,0.014694  ,-0.039580 
1.980000  ,9.434280  ,0.451230  ,8.072708  ,7.975247  ,0.104254  ,-0.034771 
1.980000  ,9.298452  ,0.315402  ,7.936881  ,8.000000  ,0.024842  ,-0.021435 
2.000000  ,9.466244  ,0.331789  ,7.948543  ,8.000000  ,0.016597  ,-0.032747 
2.000000  ,9.345344  ,0.210889  ,7.827643  ,8.000000  ,0.131488  ,-0.020047 
2.020000  ,9.553438  ,0.267716  ,7.881595  ,8.000000  ,0.084819  ,-0.015650 
2.020000  ,9.730417  ,0.444695  ,8.058574  ,7.973819  ,0.083346  ,0.047471  
2.040000  ,9.853362  ,0.416074  ,8.026839  ,7.965175  ,0.048771  ,-0.045034 
2.040000  ,9.714170  ,0.276883  ,7.887648  ,8.000000  ,0.083476  ,0.131447  
2.060000  ,9.914707  ,0.325933  ,7.929833  ,8.000000  ,0.044251  ,0.028673  
2.060000  ,9.986675  ,0.397901  ,8.001801  ,7.956056  ,0.024127  ,0.020456  
2.080000  ,10.140209 ,0.399956  ,8.000114  ,7.968128  ,0.018698  ,-0.033669 
2.080000  ,10.107911 ,0.367659  ,7.967816  ,8.000000  ,0.011990  ,0.013512  
2.100000  ,10.287368 ,0.395589  ,7.988695  ,8.000000  ,0.007180  ,-0.005771 
2.100000  ,10.239061 ,0.347283  ,7.940389  ,8.000000  ,0.038720  ,-0.053578 
2.120000  ,10.478380 ,0.434981  ,8.024000  ,7.963954  ,0.037248  ,-0.078448 
2.120000  ,10.506024 ,0.462625  ,8.051645  ,7.972666  ,0.063500  ,0.029013  
2.140000  ,10.508732 ,0.313450  ,7.894275  ,8.000000  ,0.085631  ,-0.073861 
2.140000  ,10.620980 ,0.425699  ,8.006523  ,7.958600  ,0.021066  ,-0.008891 
2.160000  ,10.656798 ,0.309339  ,7.886332  ,8.000000  ,0.096887  ,-0.011742 
2.160000  ,10.756213 ,0.408755  ,7.985748  ,8.000000  ,0.002400  ,-0.012232 
2.180000  ,10.907126 ,0.407278  ,7.980289  ,8.000000  ,0.011152  ,-0.044294 
2.180000  ,10.894217 ,0.394369  ,7.967381  ,8.000000  ,0.023394  ,-0.049619 
2.200000  ,11.061946 ,0.409624  ,7.978414  ,8.000000  ,0.016186  ,0.032163  
2.200000  ,11.068715 ,0.416393  ,7.985183  ,8.000000  ,0.009747  ,-0.032775 
2.220000  ,11.218583 ,0.413712  ,7.978061  ,8.000000  ,0.019557  ,-0.019512 
2.220000  ,11.151488 ,0.346617  ,7.910966  ,8.000000  ,0.083409  ,0.010605  
2.240000  ,11.446500 ,0.489054  ,8.048723  ,7.970793  ,0.044965  ,0.020119  
2.240000  ,11.348751 ,0.391305  ,7.950975  ,8.000000  ,0.048111  ,-0.021573 
2.260000  ,11.501201 ,0.391271  ,7.941223  ,8.000000  ,0.055324  ,-0.001027 
2.260000  ,11.540084 ,0.430154  ,7.980107  ,8.000000  ,0.018275  ,0.085125  
2.280000  ,11.681649 ,0.419236  ,7.964492  ,8.000000  ,0.035709  ,-0.061807 
2.280000  ,11.676912 ,0.414499  ,7.959755  ,8.000000  ,0.040223  ,-0.018059 
2.300000  ,11.846226 ,0.431359  ,7.971645  ,8.000000  ,0.031155  ,0.065650  
2.300000  ,11.966707 ,0.551840  ,8.092126  ,7.979043  ,0.083707  ,0.036785  
2.320000  ,12.010685 ,0.443593  ,7.978466  ,8.000000  ,0.026396  ,0.040980  
2.320000  ,11.946995 ,0.379904  ,7.914777  ,8.000000  ,0.087177  ,0.084252  
2.340000  ,12.027807 ,0.308763  ,7.837760  ,8.000000  ,0.161856  ,-0.081834 
2.340000  ,12.256518 ,0.537475  ,8.066471  ,7.974103  ,0.056464  ,0.016251  
2.360000  ,12.347547 ,0.476714  ,7.999495  ,8.000000  ,0.008273  ,0.009185  
2.360000  ,12.409709 ,0.538876  ,8.061657  ,7.973634  ,0.051166  ,-0.056352 
2.380000  ,12.468863 ,0.446477  ,7.962651  ,8.000000  ,0.043684  ,0.076497  
2.380000  ,12.493085 ,0.470699  ,7.986873  ,8.000000  ,0.020523  ,0.071741  
2.400000  ,12.664942 ,0.491667  ,8.000452  ,7.961966  ,0.006872  ,-0.109255 
2.400000  ,12.636672 ,0.463397  ,7.972182  ,8.000000  ,0.033933  ,-0.003528 
2.420000  ,12.740776 ,0.417010  ,7.907933  ,8.000000  ,0.084701  ,0.032428  
2.420000  ,12.821005 ,0.497238  ,7.988161  ,8.000000  ,0.007806  ,0.113480  
2.440000  ,12.977231 ,0.503228  ,7.986998  ,8.000000  ,0.008203  ,-0.009415 
2.440000  ,13.050314 ,0.576311  ,8.060081  ,7.972890  ,0.061938  ,0.021792  
2.460000  ,13.092483 ,0.468410  ,7.944653  ,8.000000  ,0.047544  ,-0.010446 
2.460000  ,13.227873 ,0.603801  ,8.080044  ,7.976733  ,0.082444  ,-0.039720 
2.480000  ,13.306729 ,0.532710  ,8.001113  ,7.962504  ,0.008273  ,0.024749  
2.480000  ,13.236131 ,0.462112  ,7.930515  ,8.000000  ,0.059457  ,0.014166  
2.500000  ,13.459190 ,0.535361  ,7.986742  ,8.000000  ,0.005322  ,0.036182  
2.500000  ,13.499792 ,0.575963  ,8.027343  ,7.967565  ,0.044264  ,-0.036922 
2.520000  ,13.603082 ,0.529473  ,7.973511  ,8.000000  ,0.005833  ,-0.005467 
2.520000  ,13.578274 ,0.504664  ,7.948703  ,8.000000  ,0.029753  ,-0.024228 
2.540000  ,13.715360 ,0.491814  ,7.928419  ,8.000000  ,0.047549  ,-0.016467 
2.540000  ,13.724661 ,0.501116  ,7.937721  ,8.000000  ,0.038565  ,-0.044200 
2.560000  ,13.952554 ,0.578823  ,8.008014  ,7.960401  ,0.031383  ,0.011385  
2.560000  ,13.966869 ,0.593137  ,8.022329  ,7.965041  ,0.045235  ,-0.076497 
2.580000  ,14.052732 ,0.528561  ,7.941195  ,8.000000  ,0.022039  ,0.051803  
2.580000  ,14.074189 ,0.550019  ,7.962652  ,8.000000  ,0.001275  ,0.058875  
2.600000  ,14.274806 ,0.599844  ,8.006291  ,7.957825  ,0.042301  ,-0.091626 
2.600000  ,14.230017 ,0.555056  ,7.961503  ,8.000000  ,0.001126  ,0.030371  
2.620000  ,14.447035 ,0.620851  ,8.012532  ,7.960420  ,0.058253  ,-0.029439 
2.620000  ,14.444205 ,0.618021  ,8.009702  ,7.959429  ,0.055503  ,0.011562  
2.640000  ,14.669153 ,0.691297  ,8.071942  ,7.975052  ,0.122628  ,0.076174  
2.640000  ,14.447375 ,0.469519  ,7.850163  ,8.000000  ,0.093029  ,-0.078678 
2.660000  ,14.607152 ,0.477045  ,7.851480  ,8.000000  ,0.089948  ,-0.024623 
2.660000  ,14.627861 ,0.497754  ,7.872189  ,8.000000  ,0.069782  ,0.007934  
2.680000  ,14.868238 ,0.585164  ,7.956289  ,8.000000  ,0.011547  ,0.075845  
2.680000  ,15.057750 ,0.774675  ,8.145801  ,7.984150  ,0.196682  ,0.003802  
2.700000  ,14.910836 ,0.473774  ,7.842241  ,8.000000  ,0.101012  ,-0.066606 
2.700000  ,15.014803 ,0.577741  ,7.946208  ,8.000000  ,0.000710  ,-0.050935 
2.720000  ,15.161014 ,0.569133  ,7.935447  ,8.000000  ,0.011093  ,0.020569  
2.720000  ,15.201291 ,0.609410  ,7.975724  ,8.000000  ,0.028412  ,0.045360  
2.740000  ,15.381569 ,0.634161  ,7.998737  ,8.000000  ,0.049714  ,0.021710  
2.740000  ,15.334892 ,0.587483  ,7.952060  ,8.000000  ,0.003817  ,0.014222  
2.760000  ,15.484090 ,0.580580  ,7.943732  ,8.000000  ,0.005559  ,0.044981  
2.760000  ,15.538202 ,0.634692  ,7.997844  ,8.000000  ,0.047525  ,0.057061  
2.780000  ,15.673928 ,0.613620  ,7.975806  ,8.000000  ,0.024528  ,-0.008532 
2.780000  ,15.794520 ,0.734211  ,8.096397  ,8.005006  ,0.143408  ,-0.033965 
2.800000  ,15.819844 ,0.602116  ,7.963742  ,8.000000  ,0.011022  ,-0.031531 
2.800000  ,15.893833 ,0.676105  ,8.037731  ,7.996546  ,0.083914  ,0.054834  
2.820000  ,15.950988 ,0.575450  ,7.936716  ,8.000000  ,0.017288  ,-0.089131 
2.820000  ,15.976118 ,0.600579  ,7.961846  ,8.000000  ,0.007597  ,0.069057  
2.840000  ,16.111772 ,0.578124  ,7.939159  ,8.000000  ,0.016330  ,-0.056413 
2.840000  ,16.129346 ,0.595698  ,7.956733  ,8.000000  ,0.001110  ,0.035510  
2.860000  ,16.334449 ,0.642503  ,8.003339  ,7.989769  ,0.046252  ,-0.023620 
2.860000  ,16.302939 ,0.610993  ,7.971829  ,8.000000  ,0.014923  ,0.010413  
2.880000  ,16.503960 ,0.653659  ,8.013274  ,7.964159  ,0.056296  ,-0.021010 
2.880000  ,16.518339 ,0.668037  ,8.027653  ,7.968577  ,0.070615  ,-0.046772 
2.900000  ,16.655826 ,0.647136  ,7.997250  ,8.000000  ,0.049154  ,0.042902  
2.900000  ,16.681681 ,0.672990  ,8.023105  ,7.964695  ,0.074903  ,0.011566  
2.920000  ,16.816407 ,0.648967  ,8.000092  ,7.965996  ,0.050367  ,-0.031546 
2.920000  ,16.843947 ,0.676507  ,8.027631  ,7.968307  ,0.077832  ,-0.037665 
2.940000  ,16.822045 ,0.495727  ,7.840751  ,8.000000  ,0.102888  ,-0.052155 
2.940000  ,16.975499 ,0.649181  ,7.994205  ,8.000000  ,0.050135  ,0.029541  
2.960000  ,17.096103 ,0.610744  ,7.957463  ,8.000000  ,0.011432  ,-0.089991 
2.960000  ,17.125684 ,0.640325  ,7.987044  ,8.000000  ,0.040987  ,0.038817  
2.980000  ,17.333916 ,0.689378  ,8.037683  ,7.998878  ,0.089824  ,-0.000103 
2.980000  ,17.268137 ,0.623599  ,7.971904  ,8.000000  ,0.024130  ,-0.079549 
3.000000  ,17.474054 ,0.670149  ,8.019901  ,7.996106  ,0.070533  ,0.017457  
3.000000  ,17.386765 ,0.582860  ,7.932612  ,8.000000  ,0.016718  ,0.028029  
3.020000  ,17.586550 ,0.622895  ,7.974032  ,8.000000  ,0.023228  ,-0.036267 
3.020000  ,17.658347 ,0.694692  ,8.045829  ,7.999736  ,0.095026  ,0.039014  
3.040000  ,17.729078 ,0.604818  ,7.958411  ,8.000000  ,0.005088  ,0.022295  
3.040000  ,17.664188 ,0.539927  ,7.893521  ,8.000000  ,0.059739  ,-0.038171 
3.060000  ,17.942892 ,0.656673  ,8.013918  ,7.885307  ,0.057083  ,0.097138  
3.060000  ,17.919391 ,0.633171  ,7.990416  ,7.891212  ,0.033510  ,0.060459  
3.080000  ,18.118068 ,0.669139  ,7.994965  ,7.745138  ,0.069871  ,-0.123450 
3.080000  ,18.080787 ,0.631858  ,7.957685  ,7.868488  ,0.032686  ,0.037553  
3.100000  ,18.220859 ,0.609377  ,7.868460  ,7.777331  ,0.010722  ,0.035791  
3.100000  ,18.177771 ,0.566290  ,7.825372  ,7.798589  ,0.032621  ,0.025915  
3.120000  ,18.412561 ,0.638192  ,7.867505  ,7.651783  ,0.040766  ,-0.087647 
3.120000  ,18.353853 ,0.579484  ,7.808797  ,7.652502  ,0.018514  ,0.010494  
3.140000  ,18.492027 ,0.554670  ,7.724412  ,7.487001  ,0.042428  ,-0.022332 
3.140000  ,18.593494 ,0.656137  ,7.825879  ,7.529299  ,0.060499  ,-0.056698 
3.160000  ,18.776549 ,0.676858  ,7.754290  ,7.418145  ,0.083797  ,0.003754  
3.160000  ,18.689497 ,0.589806  ,7.667238  ,7.378325  ,0.004981  ,0.032574  
3.180000  ,18.956969 ,0.695786  ,7.692861  ,7.282233  ,0.106119  ,-0.053926 
3.180000  ,18.856098 ,0.594915  ,7.591990  ,7.398236  ,0.003463  ,-0.061496 
3.200000  ,18.972594 ,0.551091  ,7.452677  ,7.306404  ,0.038115  ,-0.100712 
3.200000  ,18.888826 ,0.467324  ,7.368909  ,7.278275  ,0.124055  ,-0.026621 
3.220000  ,19.069290 ,0.487922  ,7.339928  ,7.280655  ,0.098720  ,-0.034729 
3.220000  ,19.127699 ,0.546331  ,7.398338  ,7.185608  ,0.039210  ,0.001294  
3.240000  ,19.286832 ,0.545571  ,7.361298  ,7.161716  ,0.034679  ,0.045191  
3.240000  ,19.246034 ,0.504772  ,7.320500  ,7.186340  ,0.076811  ,-0.036235 
3.260000  ,19.410711 ,0.510210  ,7.266139  ,7.097452  ,0.065712  ,-0.025891 
3.260000  ,19.398764 ,0.498263  ,7.254192  ,7.104922  ,0.078137  ,-0.011796 
3.280000  ,19.616554 ,0.557813  ,7.257403  ,6.999649  ,0.009494  ,0.021442  
3.280000  ,19.569681 ,0.510939  ,7.210530  ,7.011521  ,0.058621  ,0.060818  
3.300000  ,19.609971 ,0.394009  ,7.028208  ,7.015964  ,0.173423  ,0.058654  
3.300000  ,19.736156 ,0.520194  ,7.154393  ,6.914144  ,0.041656  ,-0.030396 
3.320000  ,19.754094 ,0.382053  ,6.983974  ,6.935583  ,0.178495  ,0.011464  
3.320000  ,19.761305 ,0.389264  ,6.991185  ,6.937807  ,0.170871  ,-0.076996 
3.340000  ,20.020799 ,0.493588  ,7.051748  ,6.843916  ,0.050927  ,0.018406  
3.340000  ,20.036873 ,0.509661  ,7.067821  ,6.836637  ,0.033744  ,0.015946  
3.360000  ,20.148039 ,0.467219  ,6.969793  ,6.784542  ,0.068635  ,0.052010  
3.360000  ,20.158494 ,0.477675  ,6.980249  ,6.786895  ,0.057309  ,0.011040  
3.380000  ,20.320160 ,0.487124  ,6.937640  ,6.721266  ,0.034991  ,0.006243  
3.380000  ,20.236673 ,0.403637  ,6.854153  ,6.777091  ,0.124264  ,-0.063096 
3.400000  ,20.421666 ,0.437490  ,6.837210  ,6.726419  ,0.073631  ,-0.000132 
3.400000  ,20.426962 ,0.442786  ,6.842506  ,6.724719  ,0.067805  ,-0.090026 
3.420000  ,20.636230 ,0.501581  ,6.875143  ,6.677400  ,0.013856  ,0.056675  
3.420000  ,20.537977 ,0.403329  ,6.776891  ,6.686838  ,0.096087  ,-0.014941 
3.440000  ,20.722175 ,0.437098  ,6.782640  ,6.648173  ,0.040537  ,0.032064  
3.440000  ,20.687400 ,0.402323  ,6.747865  ,6.645059  ,0.080176  ,0.075188  
3.460000  ,20.799525 ,0.364073  ,6.687470  ,6.650484  ,0.101010  ,0.056124  
3.460000  ,20.883771 ,0.448318  ,6.771715  ,6.620591  ,0.007616  ,-0.035360 
3.480000  ,20.982548 ,0.395957  ,6.712944  ,6.627329  ,0.041524  ,0.013704  
3.480000  ,20.992539 ,0.405948  ,6.722936  ,6.626012  ,0.029911  ,0.095278  
3.500000  ,21.199313 ,0.460389  ,6.773439  ,6.608979  ,0.060860  ,-0.018907 
3.500000  ,21.117399 ,0.378475  ,6.691525  ,6.608217  ,0.036278  ,0.111765  
3.520000  ,21.145218 ,0.252441  ,6.565909  ,6.603457  ,0.153789  ,-0.000163 
3.520000  ,21.181579 ,0.288801  ,6.602270  ,6.607376  ,0.110670  ,0.047709  
3.540000  ,21.458863 ,0.410205  ,6.732769  ,6.592534  ,0.068052  ,0.029365  
3.540000  ,21.300224 ,0.251565  ,6.574130  ,6.597863  ,0.123935  ,-0.019014 
3.560000  ,21.562005 ,0.354944  ,6.692087  ,6.591919  ,0.038562  ,0.047664  
3.560000  ,21.428224 ,0.221163  ,6.558305  ,6.590903  ,0.122830  ,0.059361  
3.580000  ,21.601811 ,0.233744  ,6.594006  ,6.587647  ,0.067171  ,0.030067  
3.580000  ,21.511607 ,0.143541  ,6.503802  ,6.583934  ,0.178570  ,-0.021566 
3.600000  ,21.829873 ,0.298114  ,6.687321  ,6.586118  ,0.059118  ,-0.055534 
3.600000  ,21.715872 ,0.184112  ,6.573319  ,6.588277  ,0.084497  ,-0.025675 
3.620000  ,21.827266 ,0.129146  ,6.553532  ,6.590201  ,0.106065  ,0.064397  
3.620000  ,21.853603 ,0.155483  ,6.579870  ,6.589801  ,0.072242  ,0.031051  
3.640000  ,22.077436 ,0.210403  ,6.677345  ,6.591260  ,0.053165  ,-0.063934 
3.640000  ,22.014933 ,0.147900  ,6.614841  ,6.584132  ,0.023548  ,-0.065755 
3.660000  ,22.113560 ,0.075006  ,6.589940  ,6.579511  ,0.057889  ,-0.021101 
3.660000  ,22.157225 ,0.118671  ,6.633605  ,6.586564  ,0.000781  ,-0.025920 
3.680000  ,22.286688 ,0.074360  ,6.637646  ,6.589378  ,0.006371  ,-0.008740 
3.680000  ,22.192197 ,-0.020131 ,6.543155  ,6.590388  ,0.119347  ,-0.035318 
3.700000  ,22.295318 ,-0.092757 ,6.527489  ,6.585413  ,0.141187  ,-0.029168 
3.700000  ,22.353112 ,-0.034963 ,6.585282  ,6.584767  ,0.064294  ,0.015027  
3.720000  ,22.463073 ,-0.102385 ,6.576882  ,6.588724  ,0.078686  ,-0.005570 
3.720000  ,22.345353 ,-0.220105 ,6.459162  ,6.590511  ,0.237776  ,-0.009658 
3.740000  ,22.601304 ,-0.143046 ,6.599729  ,6.597843  ,0.052935  ,-0.034976 
3.740000  ,22.556326 ,-0.188024 ,6.554751  ,6.598441  ,0.114564  ,0.016748  
3.760000  ,22.757614 ,-0.166861 ,6.643061  ,6.593848  ,0.006316  ,-0.048801 
3.760000  ,22.729282 ,-0.195192 ,6.614730  ,6.593453  ,0.032504  ,0.001754  
3.780000  ,22.782167 ,-0.323601 ,6.555880  ,6.602514  ,0.116359  ,-0.031822 
3.780000  ,22.746612 ,-0.359156 ,6.520325  ,6.603015  ,0.165647  ,0.004075  
3.800000  ,22.890239 ,-0.397856 ,6.554700  ,6.625025  ,0.122128  ,0.045210  
3.800000  ,22.897440 ,-0.390655 ,6.561900  ,6.624967  ,0.112053  ,0.046840  
3.820000  ,23.041185 ,-0.430111 ,6.599944  ,6.620933  ,0.057973  ,0.005476  
3.820000  ,23.036814 ,-0.434482 ,6.595573  ,6.620800  ,0.064089  ,0.027755  
3.840000  ,23.168530 ,-0.486739 ,6.622462  ,6.630718  ,0.026908  ,-0.011667 
3.840000  ,23.075557 ,-0.579712 ,6.529489  ,6.628284  ,0.157844  ,0.066226  
3.860000  ,23.303667 ,-0.536277 ,6.655075  ,6.673473  ,0.018351  ,0.093599  
3.860000  ,23.306846 ,-0.533097 ,6.658255  ,6.673531  ,0.022845  ,-0.019149 
3.880000  ,23.356980 ,-0.668309 ,6.611159  ,6.669678  ,0.041853  ,-0.053024 
3.880000  ,23.391953 ,-0.633336 ,6.646132  ,6.670775  ,0.007576  ,0.029138  
3.900000  ,23.460401 ,-0.750910 ,6.618256  ,6.686622  ,0.031337  ,-0.041192 
3.900000  ,23.523154 ,-0.688157 ,6.681009  ,6.688409  ,0.057386  ,0.073162  
3.920000  ,23.616333 ,-0.781578 ,6.680882  ,6.748220  ,0.056525  ,0.017732  
3.920000  ,23.510459 ,-0.887452 ,6.575008  ,6.742253  ,0.092710  ,0.073269  
3.940000  ,23.684219 ,-0.900841 ,6.662519  ,6.742963  ,0.031039  ,-0.005928 
3.940000  ,23.626073 ,-0.958987 ,6.604373  ,6.742298  ,0.050921  ,0.039104  
3.960000  ,23.802546 ,-0.970154 ,6.695101  ,6.781500  ,0.076098  ,-0.053170 
3.960000  ,23.790778 ,-0.981922 ,6.683333  ,6.780418  ,0.059607  ,0.048272  
3.980000  ,23.806765 ,-1.153963 ,6.618435  ,6.851928  ,0.033997  ,0.038916  
3.980000  ,23.773016 ,-1.187713 ,6.584685  ,6.847951  ,0.081028  ,-0.126323 
4.000000  ,23.868517 ,-1.280610 ,6.606965  ,6.853887  ,0.056512  ,-0.056193 
4.000000  ,23.970810 ,-1.178317 ,6.709258  ,6.851159  ,0.086036  ,0.079843  
4.020000  ,23.968129 ,-1.369679 ,6.634256  ,6.913354  ,0.026384  ,0.053074  
4.020000  ,23.976568 ,-1.361240 ,6.642696  ,6.913066  ,0.014630  ,0.068599  
4.040000  ,24.046224 ,-1.480491 ,6.646187  ,7.005601  ,0.025214  ,0.007650  
4.040000  ,24.138435 ,-1.388280 ,6.738398  ,7.021891  ,0.103558  ,0.026315  
4.060000  ,24.256322 ,-1.459620 ,6.798619  ,7.016218  ,0.157179  ,-0.012927 
4.060000  ,24.209862 ,-1.506080 ,6.752159  ,7.017483  ,0.092298  ,0.008748  
4.080000  ,24.158449 ,-1.747051 ,6.643285  ,7.094884  ,0.090725  ,0.042698  
4.080000  ,24.170320 ,-1.735180 ,6.655155  ,7.094425  ,0.074146  ,-0.080327 
4.100000  ,24.389141 ,-1.706257 ,6.823043  ,7.245546  ,0.118782  ,0.029306  
4.100000  ,24.330611 ,-1.764788 ,6.764512  ,7.230672  ,0.037298  ,-0.035000 
4.120000  ,24.430957 ,-1.854852 ,6.826579  ,7.252150  ,0.068136  ,-0.028051 
4.120000  ,24.384502 ,-1.901307 ,6.780125  ,7.254752  ,0.003463  ,-0.124534 
4.140000  ,24.464711 ,-2.012175 ,6.819915  ,7.363009  ,0.006674  ,-0.030573 
4.140000  ,24.551382 ,-1.925504 ,6.906586  ,7.357439  ,0.126686  ,-0.041786 
4.160000  ,24.575747 ,-2.092900 ,6.898355  ,7.526800  ,0.053993  ,-0.075373 
4.160000  ,24.606213 ,-2.062435 ,6.928821  ,7.537725  ,0.095903  ,0.076267  
4.180000  ,24.699503 ,-2.161854 ,7.001374  ,7.572146  ,0.123294  ,0.008443  
4.180000  ,24.631489 ,-2.229868 ,6.933360  ,7.753168  ,0.026998  ,-0.037524 
4.200000  ,24.676993 ,-2.378237 ,6.957618  ,7.708673  ,0.007749  ,0.018004  
4.200000  ,24.670489 ,-2.384740 ,6.951115  ,7.709843  ,0.016633  ,0.021828  
4.220000  ,24.835540 ,-2.414778 ,7.103001  ,7.909242  ,0.110325  ,0.035551  
4.220000  ,24.863667 ,-2.386651 ,7.131128  ,7.921364  ,0.148478  ,0.032126  
4.240000  ,24.815596 ,-2.631318 ,7.083039  ,8.000000  ,0.011992  ,-0.020640 
4.240000  ,24.899699 ,-2.547215 ,7.167142  ,8.000000  ,0.101355  ,0.053451  
4.260000  ,25.020730 ,-2.624444 ,7.289904  ,8.000000  ,0.173355  ,-0.022829 
4.260000  ,24.907985 ,-2.737189 ,7.177159  ,8.000000  ,0.021406  ,-0.013866 
4.280000  ,25.066092 ,-2.778923 ,7.330190  ,8.000000  ,0.142382  ,-0.049645 
4.280000  ,25.065504 ,-2.779511 ,7.329602  ,8.000000  ,0.141595  ,-0.047030 
4.300000  ,25.080139 ,-2.966207 ,7.332823  ,8.000000  ,0.071241  ,0.024262  
4.300000  ,25.121637 ,-2.924710 ,7.374321  ,8.000000  ,0.126586  ,0.049395  
4.320000  ,25.301972 ,-2.946942 ,7.537752  ,8.000000  ,0.279655  ,-0.098610 
4.320000  ,25.247275 ,-3.001640 ,7.483054  ,8.000000  ,0.206704  ,0.022409  
4.340000  ,25.369396 ,-3.083157 ,7.583391  ,8.000000  ,0.281526  ,-0.110710 
4.340000  ,25.331849 ,-3.120704 ,7.545843  ,8.000000  ,0.231621  ,-0.046728 
4.360000  ,25.224774 ,-3.432410 ,7.412486  ,8.000000  ,0.002971  ,-0.050793 
4.360000  ,25.360267 ,-3.296917 ,7.547979  ,8.000000  ,0.182699  ,-0.017660 
4.380000  ,25.464113 ,-3.398474 ,7.621735  ,8.000000  ,0.234486  ,0.019214  
4.380000  ,25.476160 ,-3.386427 ,7.633782  ,8.000000  ,0.250461  ,0.037123  
4.400000  ,25.471318 ,-3.597314 ,7.595506  ,8.000000  ,0.158090  ,0.055859  
4.400000  ,25.508460 ,-3.560172 ,7.632649  ,8.000000  ,0.207341  ,0.006282  
4.420000  ,25.591090 ,-3.684261 ,7.678596  ,8.000000  ,0.230598  ,-0.105889 
4.420000  ,25.599009 ,-3.676341 ,7.686515  ,8.000000  ,0.241113  ,0.018049  
4.440000  ,25.638628 ,-3.844096 ,7.686402  ,8.000000  ,0.206615  ,-0.012316 
4.440000  ,25.685541 ,-3.797182 ,7.733315  ,8.000000  ,0.269106  ,-0.060451 
4.460000  ,25.749507 ,-3.941292 ,7.754550  ,8.000000  ,0.266232  ,-0.043836 
4.460000  ,25.712060 ,-3.978739 ,7.717102  ,8.000000  ,0.216094  ,-0.029542 
4.480000  ,25.781004 ,-4.118635 ,7.740326  ,8.000000  ,0.218220  ,0.081411  
4.480000  ,25.688563 ,-4.211076 ,7.647885  ,8.000000  ,0.093579  ,0.052819  
4.500000  ,25.836824 ,-4.272506 ,7.747374  ,8.000000  ,0.196847  ,-0.046118 
4.500000  ,25.873622 ,-4.235708 ,7.784173  ,8.000000  ,0.246463  ,0.025133  
4.520000  ,25.982726 ,-4.337208 ,7.841435  ,8.000000  ,0.296567  ,-0.011236 
4.520000  ,25.942605 ,-4.377329 ,7.801314  ,8.000000  ,0.241983  ,-0.082355 
4.540000  ,26.044637 ,-4.486889 ,7.848361  ,8.000000  ,0.278947  ,-0.009135 
4.540000  ,26.073895 ,-4.457630 ,7.877619  ,8.000000  ,0.319177  ,-0.084496 
4.560000  ,26.024557 ,-4.719563 ,7.770192  ,8.000000  ,0.142022  ,0.035315  
4.560000  ,26.060578 ,-4.683542 ,7.806213  ,8.000000  ,0.192086  ,-0.056644 
4.580000  ,26.130901 ,-4.826875 ,7.815253  ,8.000000  ,0.173206  ,0.060202  
4.580000  ,26.239588 ,-4.718187 ,7.923940  ,8.000000  ,0.320338  ,-0.006484 
4.600000  ,26.224479 ,-4.948108 ,7.844152  ,8.000000  ,0.174209  ,-0.027815 
4.600000  ,26.150550 ,-5.022037 ,7.770223  ,8.000000  ,0.070603  ,-0.065782 
4.620000  ,26.311316 ,-5.077333 ,7.862651  ,8.000000  ,0.163153  ,0.055056  
4.620000  ,26.299620 ,-5.089029 ,7.850955  ,8.000000  ,0.146678  ,0.015168  
4.640000  ,26.333828 ,-5.272133 ,7.813083  ,8.000000  ,0.055111  ,-0.022318 
4.640000  ,26.315227 ,-5.290734 ,7.794482  ,8.000000  ,0.028839  ,0.075865  
4.660000  ,26.424296 ,-5.400207 ,7.827646  ,8.000000  ,0.037387  ,0.045779  
4.660000  ,26.479903 ,-5.344601 ,7.883252  ,8.000000  ,0.116017  ,0.045222  
4.680000  ,26.665508 ,-5.378730 ,7.989040  ,8.000000  ,0.227847  ,-0.030341 
4.680000  ,26.470690 ,-5.573548 ,7.794223  ,8.000000  ,0.047638  ,-0.018787 
4.700000  ,26.656498 ,-5.608601 ,7.896225  ,8.000000  ,0.056684  ,-0.031747 
4.700000  ,26.639785 ,-5.625313 ,7.879513  ,8.000000  ,0.033051  ,-0.003815 
4.720000  ,26.764939 ,-5.722051 ,7.916836  ,8.000000  ,0.049804  ,-0.015298 
4.720000  ,26.781721 ,-5.705270 ,7.933617  ,8.000000  ,0.073516  ,0.031859  
4.740000  ,26.872103 ,-5.837653 ,7.932310  ,8.000000  ,0.037361  ,0.066972  
4.740000  ,26.801628 ,-5.908127 ,7.861835  ,8.000000  ,0.062088  ,0.026600  
4.760000  ,26.970379 ,-5.962883 ,7.935064  ,8.000000  ,0.008929  ,-0.057006 
4.760000  ,27.026560 ,-5.906702 ,7.991244  ,8.000000  ,0.088072  ,-0.039696 
4.780000  ,27.111205 ,-6.046144 ,7.976711  ,8.000000  ,0.037203  ,-0.073851 
4.780000  ,26.995868 ,-6.161481 ,7.861374  ,8.000000  ,0.124950  ,-0.076590 
4.800000  ,27.214330 ,-6.167528 ,7.977217  ,8.000000  ,0.007185  ,0.005060  
4.800000  ,27.232017 ,-6.149842 ,7.994903  ,8.000000  ,0.032051  ,0.000982  
4.820000  ,27.225340 ,-6.381308 ,7.882316  ,8.000000  ,0.152833  ,-0.016592 
4.820000  ,27.329821 ,-6.276827 ,7.986797  ,8.000000  ,0.006265  ,0.064892  
4.840000  ,27.418962 ,-6.412619 ,7.966923  ,8.000000  ,0.058878  ,-0.001919 
4.840000  ,27.430753 ,-6.400828 ,7.978714  ,8.000000  ,0.042376  ,-0.001874 
4.860000  ,27.476956 ,-6.579569 ,7.912887  ,8.000000  ,0.156875  ,-0.010097 
4.860000  ,27.478885 ,-6.577641 ,7.914815  ,8.000000  ,0.154182  ,-0.005116 
4.880000  ,27.654370 ,-6.626994 ,7.975448  ,8.000000  ,0.089962  ,-0.087118 
4.880000  ,27.600450 ,-6.680914 ,7.921528  ,8.000000  ,0.166655  ,-0.070156 
4.900000  ,27.790363 ,-6.715639 ,7.994034  ,8.000000  ,0.084406  ,-0.065051 
4.900000  ,27.761699 ,-6.744304 ,7.965370  ,8.000000  ,0.124334  ,-0.061127 
4.920000  ,27.948067 ,-6.782289 ,8.031945  ,7.996534  ,0.048728  ,0.029271  
4.920000  ,27.906551 ,-6.823805 ,7.990429  ,8.000000  ,0.106426  ,-0.024455 
4.940000  ,27.973829 ,-6.980554 ,7.935522  ,8.000000  ,0.197468  ,-0.035133 
4.940000  ,28.081169 ,-6.873214 ,8.042862  ,7.997725  ,0.048615  ,-0.023082 
4.960000  ,28.179772 ,-6.998303 ,8.017843  ,7.996073  ,0.097399  ,0.006558  
4.960000  ,28.039402 ,-7.138673 ,7.877473  ,8.000000  ,0.291659  ,-0.019815 
4.980000  ,28.264356 ,-7.137131 ,7.977058  ,8.000000  ,0.167462  ,-0.029623 
4.980000  ,28.254883 ,-7.146604 ,7.967585  ,8.000000  ,0.180572  ,0.058637  
5.000000  ,28.403922 ,-7.220681 ,7.990360  ,8.000000  ,0.161604  ,-0.038183 
5.000000  ,28.365190 ,-7.259412 ,7.951629  ,8.000000  ,0.215104  ,0.083328  
5.020000  ,28.556552 ,-7.290964 ,8.015788  ,7.996545  ,0.138633  ,0.019291  
5.020000  ,28.478271 ,-7.369245 ,7.937506  ,8.000000  ,0.246580  ,-0.045831 
5.040000  ,28.673690 ,-7.396502 ,8.004460  ,7.994034  ,0.165353  ,0.069586  
5.040000  ,28.675599 ,-7.394593 ,8.006369  ,7.994710  ,0.162724  ,-0.033146 
5.060000  ,28.785992 ,-7.506592 ,7.987135  ,8.000000  ,0.199266  ,-0.030507 
5.060000  ,28.857568 ,-7.435016 ,8.058711  ,8.000883  ,0.100846  ,-0.000572 
5.080000  ,28.818568 ,-7.696272 ,7.890115  ,8.000000  ,0.344012  ,0.022452  
5.080000  ,28.963884 ,-7.550956 ,8.035431  ,7.998240  ,0.144197  ,-0.021478 
5.100000  ,29.130175 ,-7.606925 ,8.071875  ,7.965525  ,0.105409  ,-0.049102 
5.100000  ,29.064427 ,-7.672672 ,8.006127  ,7.965187  ,0.195704  ,0.081836  
5.120000  ,29.201381 ,-7.757789 ,8.004482  ,7.875370  ,0.197594  ,0.010994  
5.120000  ,29.158793 ,-7.800377 ,7.961894  ,7.889485  ,0.256017  ,-0.051807 
5.140000  ,29.314481 ,-7.865968 ,7.950404  ,7.702756  ,0.232060  ,-0.051481 
5.140000  ,29.359479 ,-7.820970 ,7.995402  ,7.708745  ,0.170394  ,0.043171  
5.160000  ,29.499878 ,-7.900129 ,7.922425  ,7.536382  ,0.166525  ,-0.002456 
5.160000  ,29.432485 ,-7.967521 ,7.855033  ,7.527414  ,0.258796  ,-0.041553 
5.180000  ,29.632086 ,-7.984842 ,7.814317  ,7.529179  ,0.172416  ,0.090495  
5.180000  ,29.516563 ,-8.100365 ,7.698794  ,7.567634  ,0.330587  ,0.009478  
5.200000  ,29.663953 ,-8.167289 ,7.643270  ,7.454337  ,0.313469  ,0.003760  
5.200000  ,29.778204 ,-8.053039 ,7.757521  ,7.416613  ,0.157162  ,-0.057671 
5.220000  ,29.874639 ,-8.168682 ,7.652279  ,7.316228  ,0.208262  ,-0.037137 
5.220000  ,29.816308 ,-8.227013 ,7.593948  ,7.310143  ,0.288015  ,-0.046448 
5.240000  ,29.986353 ,-8.266433 ,7.541737  ,7.174950  ,0.236475  ,0.035194  
5.240000  ,29.928855 ,-8.323931 ,7.484239  ,7.169430  ,0.315063  ,0.029582  
5.260000  ,30.026553 ,-8.432418 ,7.345447  ,7.189913  ,0.359879  ,0.024611  
5.260000  ,30.089745 ,-8.369226 ,7.408638  ,7.175513  ,0.273511  ,0.012705  
5.280000  ,30.109434 ,-8.451852 ,0.045852  ,0.958833  ,0.335104  ,0.033485  
5.280000  ,30.136565 ,-8.424722 ,0.072983  ,0.987727  ,0.298022  ,-0.004493 
5.300000  ,30.125759 ,-8.437731 ,0.142642  ,1.061914  ,0.314697  ,0.056644  
5.300000  ,30.163271 ,-8.400218 ,0.180154  ,1.101865  ,0.263426  ,-0.054204 
5.320000  ,30.151750 ,-8.415612 ,0.249320  ,1.175526  ,0.282522  ,-0.006121 
5.320000  ,30.139985 ,-8.427377 ,0.237555  ,1.162996  ,0.298603  ,0.052699  
5.340000  ,30.139160 ,-8.433784 ,0.318396  ,1.249092  ,0.304559  ,0.035699  
5.340000  ,30.095498 ,-8.477447 ,0.274734  ,1.202591  ,0.364236  ,0.097516  
