# laptime, ego_x_pos, ego_y_pos, actual speed, expected speed, tracking error, noise
0.000000  ,0.183892  ,0.170394  ,8.000000  ,8.000000  ,0.000000  ,0.131965  ,0.120000  
0.000000  ,0.183892  ,0.170394  ,0.000000  ,0.836550  ,0.000000  ,-0.106573 ,0.120000  
0.020000  ,0.185505  ,0.170287  ,0.171180  ,1.020631  ,0.000000  ,0.118586  ,0.120000  
0.020000  ,0.185505  ,0.170287  ,0.171180  ,1.020631  ,0.000000  ,-0.226570 ,0.120000  
0.040000  ,0.189718  ,0.170008  ,0.250042  ,1.101543  ,0.000000  ,-0.013388 ,0.120000  
0.040000  ,0.189718  ,0.170008  ,0.250042  ,1.101543  ,0.000000  ,0.104997  ,0.120000  
0.060000  ,0.195506  ,0.169632  ,0.329095  ,1.182651  ,0.000874  ,0.113009  ,0.120000  
0.060000  ,0.195506  ,0.169632  ,0.329095  ,1.182651  ,0.000874  ,0.051840  ,0.120000  
0.080000  ,0.202876  ,0.169172  ,0.408338  ,1.263955  ,0.001405  ,0.001897  ,0.120000  
0.080000  ,0.202876  ,0.169172  ,0.408338  ,1.263955  ,0.001405  ,-0.118492 ,0.120000  
0.100000  ,0.211832  ,0.168657  ,0.487773  ,1.345455  ,0.002006  ,-0.014375 ,0.120000  
0.100000  ,0.211832  ,0.168657  ,0.487773  ,1.345455  ,0.002006  ,0.009281  ,0.120000  
0.120000  ,0.222380  ,0.168871  ,0.567399  ,1.427151  ,0.001895  ,0.062799  ,0.120000  
0.120000  ,0.222380  ,0.168871  ,0.567399  ,1.427151  ,0.001895  ,-0.078276 ,0.120000  
0.140000  ,0.234467  ,0.170152  ,0.647217  ,1.509045  ,0.000731  ,-0.079404 ,0.120000  
0.140000  ,0.234467  ,0.170152  ,0.647217  ,1.509045  ,0.000731  ,0.074031  ,0.120000  
0.160000  ,0.248060  ,0.172245  ,0.727229  ,1.591137  ,0.001231  ,-0.106729 ,0.120000  
0.160000  ,0.248060  ,0.172245  ,0.727229  ,1.591137  ,0.001231  ,-0.168023 ,0.120000  
0.180000  ,0.263155  ,0.175068  ,0.807433  ,1.673426  ,0.003907  ,0.089085  ,0.120000  
0.180000  ,0.263155  ,0.175068  ,0.807433  ,1.673426  ,0.003907  ,-0.071879 ,0.120000  
0.200000  ,0.279820  ,0.178227  ,0.887831  ,1.755915  ,0.006906  ,-0.166604 ,0.120000  
0.200000  ,0.279820  ,0.178227  ,0.887831  ,1.755915  ,0.006906  ,0.041865  ,0.120000  
0.220000  ,0.298070  ,0.181672  ,0.968423  ,1.838602  ,0.014413  ,-0.105496 ,0.230000  
0.220000  ,0.298070  ,0.181672  ,0.968423  ,1.838602  ,0.014413  ,-0.047929 ,0.230000  
0.240000  ,0.317838  ,0.185761  ,1.049210  ,1.921489  ,0.017322  ,-0.025719 ,0.230000  
0.240000  ,0.317838  ,0.185761  ,1.049210  ,1.921489  ,0.017322  ,0.025775  ,0.230000  
0.260000  ,0.339169  ,0.190275  ,1.130191  ,2.004576  ,0.020563  ,-0.171742 ,0.230000  
0.260000  ,0.339169  ,0.190275  ,1.130191  ,2.004576  ,0.020563  ,-0.176029 ,0.230000  
0.280000  ,0.362116  ,0.194988  ,1.211368  ,2.087864  ,0.023906  ,-0.144658 ,0.230000  
0.280000  ,0.362116  ,0.194988  ,1.211368  ,2.087864  ,0.023906  ,0.005240  ,0.230000  
0.300000  ,0.386710  ,0.199748  ,1.292741  ,2.171352  ,0.027199  ,0.162455  ,0.230000  
0.300000  ,0.386710  ,0.199748  ,1.292741  ,2.171352  ,0.027199  ,-0.040160 ,0.230000  
0.320000  ,0.412978  ,0.204420  ,1.374310  ,2.255043  ,0.030305  ,0.144852  ,0.230000  
0.320000  ,0.412978  ,0.204420  ,1.374310  ,2.255043  ,0.030305  ,-0.077084 ,0.230000  
0.340000  ,0.440941  ,0.208858  ,1.456077  ,2.338935  ,0.033077  ,-0.104345 ,0.230000  
0.340000  ,0.440941  ,0.208858  ,1.456077  ,2.338935  ,0.033077  ,0.251217  ,0.230000  
0.360000  ,0.470616  ,0.212917  ,1.538040  ,2.423029  ,0.035369  ,0.189967  ,0.230000  
0.360000  ,0.470616  ,0.212917  ,1.538040  ,2.423029  ,0.035369  ,-0.065222 ,0.230000  
0.380000  ,0.501980  ,0.216706  ,1.620202  ,2.507327  ,0.037451  ,-0.159449 ,0.350000  
0.380000  ,0.501980  ,0.216706  ,1.620202  ,2.507327  ,0.037451  ,-0.108020 ,0.350000  
0.400000  ,0.535031  ,0.220220  ,1.702562  ,2.591828  ,0.038931  ,-0.006117 ,0.350000  
0.400000  ,0.535031  ,0.220220  ,1.702562  ,2.591828  ,0.038931  ,-0.159519 ,0.350000  
0.420000  ,0.569741  ,0.223726  ,1.785120  ,2.676533  ,0.040302  ,-0.092414 ,0.350000  
0.420000  ,0.569741  ,0.223726  ,1.785120  ,2.676533  ,0.040302  ,-0.283820 ,0.350000  
0.440000  ,0.606141  ,0.226922  ,1.867878  ,2.761443  ,0.041261  ,-0.030145 ,0.350000  
0.440000  ,0.606141  ,0.226922  ,1.867878  ,2.761443  ,0.041261  ,0.058329  ,0.350000  
0.460000  ,0.644257  ,0.229392  ,1.950836  ,2.846558  ,0.041390  ,0.278070  ,0.350000  
0.460000  ,0.644257  ,0.229392  ,1.950836  ,2.846558  ,0.041390  ,-0.063708 ,0.350000  
0.480000  ,0.684085  ,0.230913  ,2.033994  ,2.931878  ,0.041409  ,0.000889  ,0.460000  
0.480000  ,0.684085  ,0.230913  ,2.033994  ,2.931878  ,0.041409  ,-0.151423 ,0.460000  
0.500000  ,0.725597  ,0.231882  ,2.117352  ,3.017404  ,0.039425  ,-0.179513 ,0.460000  
0.500000  ,0.725597  ,0.231882  ,2.117352  ,3.017404  ,0.039425  ,-0.035521 ,0.460000  
0.520000  ,0.768782  ,0.232743  ,2.200912  ,3.103136  ,0.037214  ,0.025033  ,0.460000  
0.520000  ,0.768782  ,0.232743  ,2.200912  ,3.103136  ,0.037214  ,0.223832  ,0.460000  
0.540000  ,0.813637  ,0.233707  ,2.284674  ,3.189075  ,0.034988  ,-0.130815 ,0.460000  
0.540000  ,0.813637  ,0.233707  ,2.284674  ,3.189075  ,0.034988  ,-0.110591 ,0.460000  
0.560000  ,0.860174  ,0.234503  ,2.368638  ,3.275222  ,0.032473  ,-0.123901 ,0.460000  
0.560000  ,0.860174  ,0.234503  ,2.368638  ,3.275222  ,0.032473  ,-0.206607 ,0.460000  
0.580000  ,0.908393  ,0.235236  ,2.452804  ,3.361577  ,0.030258  ,0.052368  ,0.580000  
0.580000  ,0.908393  ,0.235236  ,2.452804  ,3.361577  ,0.030258  ,0.107888  ,0.580000  
0.600000  ,0.958301  ,0.235662  ,2.537174  ,3.448140  ,0.026803  ,-0.208810 ,0.580000  
0.600000  ,0.958301  ,0.235662  ,2.537174  ,3.448140  ,0.026803  ,0.055527  ,0.580000  
0.620000  ,1.009900  ,0.235756  ,2.621747  ,3.534912  ,0.022884  ,-0.015770 ,0.580000  
0.620000  ,1.009900  ,0.235756  ,2.621747  ,3.534912  ,0.022884  ,0.061412  ,0.580000  
0.640000  ,1.063193  ,0.235670  ,2.706524  ,3.621894  ,0.018654  ,0.089231  ,0.580000  
0.640000  ,1.063193  ,0.235670  ,2.706524  ,3.621894  ,0.018654  ,-0.130554 ,0.580000  
0.660000  ,1.118182  ,0.235197  ,2.791506  ,3.709085  ,0.014302  ,-0.156524 ,0.690000  
0.660000  ,1.118182  ,0.235197  ,2.791506  ,3.709085  ,0.014302  ,-0.030349 ,0.690000  
0.680000  ,1.174872  ,0.234649  ,2.876693  ,3.796487  ,0.008990  ,0.071334  ,0.690000  
0.680000  ,1.174872  ,0.234649  ,2.876693  ,3.796487  ,0.008990  ,-0.075324 ,0.690000  
0.700000  ,1.233269  ,0.234314  ,2.962086  ,3.884100  ,0.003746  ,0.068662  ,0.690000  
0.700000  ,1.233269  ,0.234314  ,2.962086  ,3.884100  ,0.003746  ,-0.034117 ,0.690000  
0.720000  ,1.293376  ,0.233998  ,3.047685  ,3.971925  ,0.001182  ,-0.121792 ,0.810000  
0.720000  ,1.293376  ,0.233998  ,3.047685  ,3.971925  ,0.001182  ,-0.078982 ,0.810000  
0.740000  ,1.355198  ,0.234043  ,3.133490  ,4.059961  ,0.006643  ,0.015581  ,0.810000  
0.740000  ,1.355198  ,0.234043  ,3.133490  ,4.059961  ,0.006643  ,0.109846  ,0.810000  
0.760000  ,1.418734  ,0.234780  ,3.219503  ,4.148210  ,0.011565  ,-0.031703 ,0.810000  
0.760000  ,1.418734  ,0.234780  ,3.219503  ,4.148210  ,0.011565  ,-0.053669 ,0.810000  
0.780000  ,1.483984  ,0.236068  ,3.305723  ,4.236672  ,0.015701  ,-0.096345 ,0.930000  
0.780000  ,1.483984  ,0.236068  ,3.305723  ,4.236672  ,0.015701  ,0.008280  ,0.930000  
0.800000  ,1.550936  ,0.238276  ,3.392152  ,4.325348  ,0.019731  ,-0.020995 ,0.930000  
0.800000  ,1.550936  ,0.238276  ,3.392152  ,4.325348  ,0.019731  ,0.033891  ,0.930000  
0.820000  ,1.619582  ,0.241455  ,3.478789  ,4.414237  ,0.022952  ,-0.066946 ,0.930000  
0.820000  ,1.619582  ,0.241455  ,3.478789  ,4.414237  ,0.022952  ,-0.021369 ,0.930000  
0.840000  ,1.689928  ,0.245368  ,3.565635  ,4.503341  ,0.025328  ,0.042310  ,1.040000  
0.840000  ,1.689928  ,0.245368  ,3.565635  ,4.503341  ,0.025328  ,0.001522  ,1.040000  
0.860000  ,1.761955  ,0.250255  ,3.652690  ,4.592660  ,0.027376  ,-0.003484 ,1.040000  
0.860000  ,1.761955  ,0.250255  ,3.652690  ,4.592660  ,0.027376  ,-0.081919 ,1.040000  
0.880000  ,1.835668  ,0.256003  ,3.739956  ,4.682195  ,0.028728  ,-0.010098 ,1.040000  
0.880000  ,1.835668  ,0.256003  ,3.739956  ,4.682195  ,0.028728  ,-0.032470 ,1.040000  
0.900000  ,1.911044  ,0.262834  ,3.827433  ,4.771946  ,0.029023  ,0.074620  ,1.160000  
0.900000  ,1.911044  ,0.262834  ,3.827433  ,4.771946  ,0.029023  ,-0.141280 ,1.160000  
0.920000  ,1.988102  ,0.270477  ,3.915120  ,4.861914  ,0.028964  ,-0.099572 ,1.160000  
0.920000  ,1.988102  ,0.270477  ,3.915120  ,4.861914  ,0.028964  ,0.080405  ,1.160000  
0.940000  ,2.066836  ,0.278977  ,4.003020  ,4.952098  ,0.028215  ,-0.022543 ,1.160000  
0.940000  ,2.066836  ,0.278977  ,4.003020  ,4.952098  ,0.028215  ,-0.116840 ,1.160000  
0.960000  ,2.147205  ,0.288669  ,4.091131  ,5.042501  ,0.026408  ,-0.042169 ,1.270000  
0.960000  ,2.147205  ,0.288669  ,4.091131  ,5.042501  ,0.026408  ,0.036037  ,1.270000  
0.980000  ,2.229243  ,0.299244  ,4.179455  ,5.133121  ,0.024005  ,0.109081  ,1.270000  
0.980000  ,2.229243  ,0.299244  ,4.179455  ,5.133121  ,0.024005  ,-0.012461 ,1.270000  
1.000000  ,2.313010  ,0.310237  ,4.267993  ,5.223961  ,0.021347  ,-0.070486 ,1.390000  
1.000000  ,2.313010  ,0.310237  ,4.267993  ,5.223961  ,0.021347  ,0.072852  ,1.390000  
1.020000  ,2.398556  ,0.321298  ,4.356744  ,5.315019  ,0.018822  ,-0.060428 ,1.390000  
1.020000  ,2.398556  ,0.321298  ,4.356744  ,5.315019  ,0.018822  ,0.151559  ,1.390000  
1.040000  ,2.485874  ,0.332515  ,4.445709  ,5.406298  ,0.016379  ,-0.063343 ,1.500000  
1.040000  ,2.485874  ,0.332515  ,4.445709  ,5.406298  ,0.016379  ,-0.042716 ,1.500000  
1.060000  ,2.575023  ,0.343441  ,4.534889  ,5.497796  ,0.014285  ,-0.043685 ,1.500000  
1.060000  ,2.575023  ,0.343441  ,4.534889  ,5.497796  ,0.014285  ,-0.045042 ,1.500000  
1.080000  ,2.666061  ,0.353592  ,4.624285  ,5.589516  ,0.013149  ,0.040944  ,1.500000  
1.080000  ,2.666061  ,0.353592  ,4.624285  ,5.589516  ,0.013149  ,0.087099  ,1.500000  
1.100000  ,2.758999  ,0.362794  ,4.713896  ,5.681457  ,0.013167  ,0.059410  ,1.620000  
1.100000  ,2.758999  ,0.362794  ,4.713896  ,5.681457  ,0.013167  ,0.060494  ,1.620000  
1.120000  ,2.853813  ,0.371214  ,4.803723  ,5.773620  ,0.013986  ,0.271350  ,1.620000  
1.120000  ,2.853813  ,0.371214  ,4.803723  ,5.773620  ,0.013986  ,0.022272  ,1.620000  
1.140000  ,2.950470  ,0.379196  ,4.893767  ,5.866005  ,0.015471  ,0.126861  ,1.740000  
1.140000  ,2.950470  ,0.379196  ,4.893767  ,5.866005  ,0.015471  ,0.068156  ,1.740000  
1.160000  ,3.048935  ,0.387182  ,4.984029  ,5.958614  ,0.016855  ,0.128955  ,1.740000  
1.160000  ,3.048935  ,0.387182  ,4.984029  ,5.958614  ,0.016855  ,-0.301811 ,1.740000  
1.180000  ,3.149167  ,0.395735  ,5.074508  ,6.051446  ,0.017913  ,0.195260  ,1.850000  
1.180000  ,3.149167  ,0.395735  ,5.074508  ,6.051446  ,0.017913  ,-0.015510 ,1.850000  
1.200000  ,3.251118  ,0.405398  ,5.165206  ,6.144502  ,0.017655  ,0.101472  ,1.850000  
1.200000  ,3.251118  ,0.405398  ,5.165206  ,6.144502  ,0.017655  ,-0.100955 ,1.850000  
1.220000  ,3.354734  ,0.416632  ,5.256123  ,6.237782  ,0.016050  ,0.134395  ,1.970000  
1.220000  ,3.354734  ,0.416632  ,5.256123  ,6.237782  ,0.016050  ,0.084944  ,1.970000  
1.240000  ,3.459917  ,0.430107  ,5.347259  ,6.331288  ,0.011907  ,0.069766  ,1.970000  
1.240000  ,3.459917  ,0.430107  ,5.347259  ,6.331288  ,0.011907  ,-0.081552 ,1.970000  
1.260000  ,3.566626  ,0.445880  ,5.438616  ,6.425020  ,0.000000  ,-0.065177 ,2.080000  
1.260000  ,3.566626  ,0.445880  ,5.438616  ,6.425020  ,0.000000  ,0.085379  ,2.080000  
1.280000  ,3.674849  ,0.463811  ,5.530192  ,6.518977  ,0.002692  ,-0.115064 ,2.200000  
1.280000  ,3.674849  ,0.463811  ,5.530192  ,6.518977  ,0.002692  ,-0.143200 ,2.200000  
1.300000  ,3.784603  ,0.483645  ,5.621990  ,6.613162  ,0.013790  ,-0.006508 ,2.200000  
1.300000  ,3.784603  ,0.483645  ,5.621990  ,6.613162  ,0.013790  ,0.004921  ,2.200000  
1.320000  ,3.895951  ,0.504967  ,5.714010  ,6.707574  ,0.025854  ,-0.041139 ,2.310000  
1.320000  ,3.895951  ,0.504967  ,5.714010  ,6.707574  ,0.025854  ,0.092433  ,2.310000  
1.340000  ,4.009000  ,0.527195  ,5.806251  ,6.802214  ,0.039710  ,-0.029341 ,2.310000  
1.340000  ,4.009000  ,0.527195  ,5.806251  ,6.802214  ,0.039710  ,0.095368  ,2.310000  
1.360000  ,4.123900  ,0.549584  ,5.898715  ,6.897082  ,0.053344  ,-0.039565 ,2.430000  
1.360000  ,4.123900  ,0.549584  ,5.898715  ,6.897082  ,0.053344  ,0.007677  ,2.430000  
1.380000  ,4.240823  ,0.571238  ,5.991403  ,6.992179  ,0.067062  ,-0.070895 ,2.430000  
1.380000  ,4.240823  ,0.571238  ,5.991403  ,6.992179  ,0.067062  ,0.071366  ,2.430000  
1.400000  ,4.359917  ,0.591272  ,6.084314  ,7.087506  ,0.079000  ,0.033859  ,2.550000  
1.400000  ,4.359917  ,0.591272  ,6.084314  ,7.087506  ,0.079000  ,0.112793  ,2.550000  
1.420000  ,4.481250  ,0.609034  ,6.177449  ,7.183063  ,0.088770  ,0.089737  ,2.660000  
1.420000  ,4.481250  ,0.609034  ,6.177449  ,7.183063  ,0.088770  ,0.098169  ,2.660000  
1.440000  ,4.604850  ,0.623892  ,6.270809  ,7.278850  ,0.096969  ,-0.140411 ,2.660000  
1.440000  ,4.604850  ,0.623892  ,6.270809  ,7.278850  ,0.096969  ,0.002397  ,2.660000  
1.460000  ,4.730667  ,0.635592  ,6.364395  ,7.374869  ,0.101659  ,0.053876  ,2.780000  
1.460000  ,4.730667  ,0.635592  ,6.364395  ,7.374869  ,0.101659  ,0.083281  ,2.780000  
1.480000  ,4.858625  ,0.643979  ,6.458206  ,7.471120  ,0.104142  ,-0.093875 ,2.780000  
1.480000  ,4.858625  ,0.643979  ,6.458206  ,7.471120  ,0.104142  ,0.009778  ,2.780000  
1.500000  ,4.988656  ,0.648557  ,6.552244  ,7.567602  ,0.102939  ,-0.014841 ,2.890000  
1.500000  ,4.988656  ,0.648557  ,6.552244  ,7.567602  ,0.102939  ,-0.072996 ,2.890000  
1.520000  ,5.120648  ,0.649452  ,6.646509  ,7.664318  ,0.098460  ,-0.218352 ,3.010000  
1.520000  ,5.120648  ,0.649452  ,6.646509  ,7.664318  ,0.098460  ,0.106304  ,3.010000  
1.540000  ,5.254511  ,0.647079  ,6.741001  ,7.761267  ,0.092147  ,0.086075  ,3.010000  
1.540000  ,5.254511  ,0.647079  ,6.741001  ,7.761267  ,0.092147  ,-0.115647 ,3.010000  
1.560000  ,5.390186  ,0.641841  ,6.835722  ,7.858451  ,0.083151  ,-0.043868 ,3.120000  
1.560000  ,5.390186  ,0.641841  ,6.835722  ,7.858451  ,0.083151  ,0.000463  ,3.120000  
1.580000  ,5.527623  ,0.633777  ,6.930671  ,7.955868  ,0.071926  ,-0.037423 ,3.240000  
1.580000  ,5.527623  ,0.633777  ,6.930671  ,7.955868  ,0.071926  ,0.082006  ,3.240000  
1.600000  ,5.666820  ,0.623496  ,7.025849  ,8.000000  ,0.059136  ,0.205629  ,3.360000  
1.600000  ,5.666820  ,0.623496  ,7.025849  ,8.000000  ,0.059136  ,0.076149  ,3.360000  
1.620000  ,5.807757  ,0.611677  ,7.116288  ,8.000000  ,0.047111  ,-0.104642 ,3.360000  
1.620000  ,5.807757  ,0.611677  ,7.116288  ,8.000000  ,0.047111  ,0.048540  ,3.360000  
1.640000  ,5.950341  ,0.598881  ,7.198331  ,8.000000  ,0.033950  ,0.031799  ,3.470000  
1.640000  ,5.950341  ,0.598881  ,7.198331  ,8.000000  ,0.033950  ,0.136349  ,3.470000  
1.660000  ,6.094474  ,0.585867  ,7.272757  ,8.000000  ,0.021431  ,0.087008  ,3.590000  
1.660000  ,6.094474  ,0.585867  ,7.272757  ,8.000000  ,0.021431  ,0.061381  ,3.590000  
1.680000  ,6.240038  ,0.572926  ,7.340274  ,8.000000  ,0.011241  ,-0.126825 ,3.590000  
1.680000  ,6.240038  ,0.572926  ,7.340274  ,8.000000  ,0.011241  ,-0.123241 ,3.590000  
1.700000  ,6.386957  ,0.560710  ,7.401522  ,8.000000  ,0.002028  ,-0.091135 ,3.700000  
1.700000  ,6.386957  ,0.560710  ,7.401522  ,8.000000  ,0.002028  ,-0.034517 ,3.700000  
1.720000  ,6.535136  ,0.549643  ,7.457084  ,8.000000  ,0.004994  ,-0.086297 ,3.820000  
1.720000  ,6.535136  ,0.549643  ,7.457084  ,8.000000  ,0.004994  ,-0.017303 ,3.820000  
1.740000  ,6.684458  ,0.539715  ,7.507488  ,8.000000  ,0.009785  ,0.016152  ,3.940000  
1.740000  ,6.684458  ,0.539715  ,7.507488  ,8.000000  ,0.009785  ,0.074074  ,3.940000  
1.760000  ,6.834797  ,0.530649  ,7.553212  ,8.000000  ,0.011120  ,0.169407  ,3.940000  
1.760000  ,6.834797  ,0.530649  ,7.553212  ,8.000000  ,0.011120  ,-0.066471 ,3.940000  
1.780000  ,6.986043  ,0.522157  ,7.594692  ,8.000000  ,0.011591  ,-0.008727 ,4.050000  
1.780000  ,6.986043  ,0.522157  ,7.594692  ,8.000000  ,0.011591  ,-0.016569 ,4.050000  
1.800000  ,7.138107  ,0.514152  ,7.632320  ,8.000000  ,0.010361  ,-0.047771 ,4.170000  
1.800000  ,7.138107  ,0.514152  ,7.632320  ,8.000000  ,0.010361  ,-0.018630 ,4.170000  
1.820000  ,7.290914  ,0.506627  ,7.666455  ,8.000000  ,0.007410  ,0.043293  ,4.280000  
1.820000  ,7.290914  ,0.506627  ,7.666455  ,8.000000  ,0.007410  ,0.026006  ,4.280000  
1.840000  ,7.444362  ,0.498905  ,7.697421  ,8.000000  ,0.002007  ,0.169225  ,4.280000  
1.840000  ,7.444362  ,0.498905  ,7.697421  ,8.000000  ,0.002007  ,0.074071  ,4.280000  
1.860000  ,7.598353  ,0.490269  ,7.725512  ,8.000000  ,0.002937  ,0.087821  ,4.400000  
1.860000  ,7.598353  ,0.490269  ,7.725512  ,8.000000  ,0.002937  ,-0.099077 ,4.400000  
1.880000  ,7.752825  ,0.480700  ,7.750995  ,8.000000  ,0.008257  ,-0.070627 ,4.510000  
1.880000  ,7.752825  ,0.480700  ,7.750995  ,8.000000  ,0.008257  ,-0.071090 ,4.510000  
1.900000  ,7.907733  ,0.470343  ,7.774113  ,8.000000  ,0.014111  ,-0.001676 ,4.630000  
1.900000  ,7.907733  ,0.470343  ,7.774113  ,8.000000  ,0.014111  ,-0.013128 ,4.630000  
1.920000  ,8.063004  ,0.458882  ,7.795084  ,8.000000  ,0.020200  ,-0.005743 ,4.750000  
1.920000  ,8.063004  ,0.458882  ,7.795084  ,8.000000  ,0.020200  ,0.066907  ,4.750000  
1.940000  ,8.218543  ,0.445737  ,7.814108  ,8.000000  ,0.027705  ,0.051795  ,4.750000  
1.940000  ,8.218543  ,0.445737  ,7.814108  ,8.000000  ,0.027705  ,-0.053665 ,4.750000  
1.960000  ,8.374279  ,0.430746  ,7.831366  ,8.000000  ,0.033554  ,0.016701  ,4.860000  
1.960000  ,8.374279  ,0.430746  ,7.831366  ,8.000000  ,0.033554  ,-0.095303 ,4.860000  
1.980000  ,8.530146  ,0.413801  ,7.847022  ,8.000000  ,0.038845  ,-0.100519 ,4.980000  
1.980000  ,8.530146  ,0.413801  ,7.847022  ,8.000000  ,0.038845  ,-0.160814 ,4.980000  
2.000000  ,8.686104  ,0.395033  ,7.861224  ,8.000000  ,0.043723  ,-0.016121 ,5.090000  
2.000000  ,8.686104  ,0.395033  ,7.861224  ,8.000000  ,0.043723  ,0.051670  ,5.090000  
2.020000  ,8.842093  ,0.374360  ,7.874108  ,8.000000  ,0.049562  ,0.012526  ,5.090000  
2.020000  ,8.842093  ,0.374360  ,7.874108  ,8.000000  ,0.049562  ,-0.157298 ,5.090000  
2.040000  ,8.998026  ,0.351498  ,7.885796  ,8.000000  ,0.053716  ,0.103090  ,5.210000  
2.040000  ,8.998026  ,0.351498  ,7.885796  ,8.000000  ,0.053716  ,-0.108617 ,5.210000  
2.060000  ,9.153843  ,0.326426  ,7.896398  ,8.000000  ,0.057077  ,0.019846  ,5.320000  
2.060000  ,9.153843  ,0.326426  ,7.896398  ,8.000000  ,0.057077  ,-0.017264 ,5.320000  
2.080000  ,9.309563  ,0.299533  ,7.906017  ,7.943343  ,0.060040  ,-0.070526 ,5.440000  
2.080000  ,9.309563  ,0.299533  ,7.906017  ,7.943343  ,0.060040  ,0.152583  ,5.440000  
2.100000  ,9.465165  ,0.271231  ,7.909482  ,7.868389  ,0.063007  ,-0.195112 ,5.560000  
2.100000  ,9.465165  ,0.271231  ,7.909482  ,7.868389  ,0.063007  ,0.006631  ,5.560000  
2.120000  ,9.620335  ,0.241248  ,7.895337  ,7.870133  ,0.067205  ,-0.038392 ,5.560000  
2.120000  ,9.620335  ,0.241248  ,7.895337  ,7.870133  ,0.067205  ,-0.098015 ,5.560000  
2.140000  ,9.774843  ,0.209120  ,7.886661  ,7.810883  ,0.069486  ,0.030607  ,5.670000  
2.140000  ,9.774843  ,0.209120  ,7.886661  ,7.810883  ,0.069486  ,0.062716  ,5.670000  
2.160000  ,9.928449  ,0.174508  ,7.860576  ,7.756643  ,0.070519  ,-0.035968 ,5.790000  
2.160000  ,9.928449  ,0.174508  ,7.860576  ,7.756643  ,0.070519  ,0.050220  ,5.790000  
2.180000  ,10.080926 ,0.137797  ,7.824800  ,7.687682  ,0.070634  ,0.010286  ,5.900000  
2.180000  ,10.080926 ,0.137797  ,7.824800  ,7.687682  ,0.070634  ,0.054105  ,5.900000  
2.200000  ,10.232089 ,0.099263  ,7.777601  ,7.673714  ,0.071562  ,-0.159804 ,5.900000  
2.200000  ,10.232089 ,0.099263  ,7.777601  ,7.673714  ,0.071562  ,0.089011  ,5.900000  
2.220000  ,10.381811 ,0.058490  ,7.741840  ,7.619604  ,0.070648  ,0.140857  ,6.020000  
2.220000  ,10.381811 ,0.058490  ,7.741840  ,7.619604  ,0.070648  ,-0.014891 ,6.020000  
2.240000  ,10.530105 ,0.015530  ,7.699763  ,7.575819  ,0.068768  ,-0.079063 ,6.130000  
2.240000  ,10.530105 ,0.015530  ,7.699763  ,7.575819  ,0.068768  ,0.022965  ,6.130000  
2.260000  ,10.676761 ,-0.029943 ,7.657099  ,7.494770  ,0.065555  ,0.061872  ,6.250000  
2.260000  ,10.676761 ,-0.029943 ,7.657099  ,7.494770  ,0.065555  ,0.155842  ,6.250000  
2.280000  ,10.821624 ,-0.077763 ,7.601221  ,7.421625  ,0.061117  ,0.091424  ,6.370000  
2.280000  ,10.821624 ,-0.077763 ,7.601221  ,7.421625  ,0.061117  ,-0.017522 ,6.370000  
2.300000  ,10.964354 ,-0.128175 ,7.539400  ,7.430174  ,0.057359  ,0.131535  ,6.370000  
2.300000  ,10.964354 ,-0.128175 ,7.539400  ,7.430174  ,0.057359  ,-0.025192 ,6.370000  
2.320000  ,11.105197 ,-0.180907 ,7.501802  ,7.368225  ,0.050931  ,-0.029177 ,6.480000  
2.320000  ,11.105197 ,-0.180907 ,7.501802  ,7.368225  ,0.050931  ,-0.004886 ,6.480000  
2.340000  ,11.244449 ,-0.235444 ,7.455822  ,7.304081  ,0.043834  ,0.019391  ,6.600000  
2.340000  ,11.244449 ,-0.235444 ,7.455822  ,7.304081  ,0.043834  ,-0.058730 ,6.600000  
2.360000  ,11.382137 ,-0.291245 ,7.403589  ,7.222408  ,0.036561  ,0.230372  ,6.710000  
2.360000  ,11.382137 ,-0.291245 ,7.403589  ,7.222408  ,0.036561  ,0.143992  ,6.710000  
2.380000  ,11.518085 ,-0.348248 ,7.341222  ,7.231032  ,0.031493  ,-0.091176 ,6.710000  
2.380000  ,11.518085 ,-0.348248 ,7.341222  ,7.231032  ,0.031493  ,0.020937  ,6.710000  
2.400000  ,11.652564 ,-0.406175 ,7.303292  ,7.176847  ,0.024997  ,0.065971  ,6.830000  
2.400000  ,11.652564 ,-0.406175 ,7.303292  ,7.176847  ,0.024997  ,0.034511  ,6.830000  
2.420000  ,11.785991 ,-0.464474 ,7.259767  ,7.102095  ,0.019247  ,-0.111880 ,6.940000  
2.420000  ,11.785991 ,-0.464474 ,7.259767  ,7.102095  ,0.019247  ,-0.123489 ,6.940000  
2.440000  ,11.918312 ,-0.522847 ,7.205492  ,7.090186  ,0.016326  ,-0.085553 ,6.940000  
2.440000  ,11.918312 ,-0.522847 ,7.205492  ,7.090186  ,0.016326  ,0.136235  ,6.940000  
2.460000  ,12.049863 ,-0.580654 ,7.165801  ,7.039568  ,0.014133  ,0.081479  ,7.060000  
2.460000  ,12.049863 ,-0.580654 ,7.165801  ,7.039568  ,0.014133  ,0.053120  ,7.060000  
2.480000  ,12.180745 ,-0.637911 ,7.122349  ,6.979598  ,0.013593  ,-0.141923 ,7.180000  
2.480000  ,12.180745 ,-0.637911 ,7.122349  ,6.979598  ,0.013593  ,0.018909  ,7.180000  
2.500000  ,12.310874 ,-0.694573 ,7.073210  ,6.908678  ,0.014674  ,-0.042048 ,7.290000  
2.500000  ,12.310874 ,-0.694573 ,7.073210  ,6.908678  ,0.014674  ,0.034154  ,7.290000  
2.520000  ,12.440349 ,-0.750070 ,7.016575  ,6.915301  ,0.020300  ,0.025266  ,7.290000  
2.520000  ,12.440349 ,-0.750070 ,7.016575  ,6.915301  ,0.020300  ,-0.089165 ,7.290000  
2.540000  ,12.569224 ,-0.804673 ,6.981714  ,6.866902  ,0.026394  ,-0.041113 ,7.410000  
2.540000  ,12.569224 ,-0.804673 ,6.981714  ,6.866902  ,0.026394  ,-0.009832 ,7.410000  
2.560000  ,12.697435 ,-0.858927 ,6.942193  ,6.800681  ,0.033807  ,0.051248  ,7.520000  
2.560000  ,12.697435 ,-0.858927 ,6.942193  ,6.800681  ,0.033807  ,-0.020880 ,7.520000  
2.580000  ,12.824576 ,-0.913431 ,6.893481  ,6.796439  ,0.043982  ,-0.110781 ,7.520000  
2.580000  ,12.824576 ,-0.913431 ,6.893481  ,6.796439  ,0.043982  ,-0.211876 ,7.520000  
2.600000  ,12.950442 ,-0.968827 ,6.860077  ,6.756146  ,0.052920  ,0.026999  ,7.640000  
2.600000  ,12.950442 ,-0.968827 ,6.860077  ,6.756146  ,0.052920  ,0.052217  ,7.640000  
2.620000  ,13.075035 ,-1.025373 ,6.824302  ,6.695727  ,0.061474  ,0.077792  ,7.750000  
2.620000  ,13.075035 ,-1.025373 ,6.824302  ,6.695727  ,0.061474  ,0.039806  ,7.750000  
2.640000  ,13.197873 ,-1.083783 ,6.780043  ,6.687245  ,0.070920  ,-0.031337 ,7.750000  
2.640000  ,13.197873 ,-1.083783 ,6.780043  ,6.687245  ,0.070920  ,-0.005556 ,7.750000  
2.660000  ,13.318858 ,-1.144267 ,6.748100  ,6.659584  ,0.077894  ,-0.133741 ,7.870000  
2.660000  ,13.318858 ,-1.144267 ,6.748100  ,6.659584  ,0.077894  ,0.049027  ,7.870000  
2.680000  ,13.437946 ,-1.207080 ,6.717630  ,6.611843  ,0.083094  ,-0.051648 ,7.990000  
2.680000  ,13.437946 ,-1.207080 ,6.717630  ,6.611843  ,0.083094  ,0.074878  ,7.990000  
2.700000  ,13.554543 ,-1.273044 ,6.681216  ,6.603363  ,0.087810  ,-0.111978 ,7.990000  
2.700000  ,13.554543 ,-1.273044 ,6.681216  ,6.603363  ,0.087810  ,0.058959  ,7.990000  
2.720000  ,13.668130 ,-1.342873 ,6.654417  ,6.582597  ,0.087897  ,0.001923  ,8.100000  
2.720000  ,13.668130 ,-1.342873 ,6.654417  ,6.582597  ,0.087897  ,0.044104  ,8.100000  
2.740000  ,13.778550 ,-1.416687 ,6.629695  ,6.546114  ,0.084120  ,0.015200  ,8.220000  
2.740000  ,13.778550 ,-1.416687 ,6.629695  ,6.546114  ,0.084120  ,0.262267  ,8.220000  
2.760000  ,13.885508 ,-1.494524 ,6.600924  ,6.539968  ,0.078952  ,0.037073  ,8.220000  
2.760000  ,13.885508 ,-1.494524 ,6.600924  ,6.539968  ,0.078952  ,0.019111  ,8.220000  
2.780000  ,13.989037 ,-1.576074 ,6.579942  ,6.525851  ,0.068912  ,0.021815  ,8.330000  
2.780000  ,13.989037 ,-1.576074 ,6.579942  ,6.525851  ,0.068912  ,0.036374  ,8.330000  
2.800000  ,14.089336 ,-1.660957 ,6.561322  ,6.500123  ,0.055520  ,0.000825  ,8.450000  
2.800000  ,14.089336 ,-1.660957 ,6.561322  ,6.500123  ,0.055520  ,0.055260  ,8.450000  
2.820000  ,14.186712 ,-1.748587 ,6.540256  ,6.496501  ,0.042723  ,0.010659  ,8.450000  
2.820000  ,14.186712 ,-1.748587 ,6.540256  ,6.496501  ,0.042723  ,-0.033752 ,8.450000  
2.840000  ,14.281690 ,-1.838293 ,6.525194  ,6.487207  ,0.026691  ,-0.032397 ,8.560000  
2.840000  ,14.281690 ,-1.838293 ,6.525194  ,6.487207  ,0.026691  ,0.018667  ,8.560000  
2.860000  ,14.374753 ,-1.929585 ,6.512118  ,6.472539  ,0.009552  ,0.100522  ,8.680000  
2.860000  ,14.374753 ,-1.929585 ,6.512118  ,6.472539  ,0.009552  ,0.154157  ,8.680000  
2.880000  ,14.466546 ,-2.021779 ,6.498494  ,6.469976  ,0.003566  ,0.018890  ,8.680000  
2.880000  ,14.466546 ,-2.021779 ,6.498494  ,6.469976  ,0.003566  ,-0.038871 ,8.680000  
2.900000  ,14.557512 ,-2.114463 ,6.488677  ,6.465208  ,0.018102  ,-0.001982 ,8.800000  
2.900000  ,14.557512 ,-2.114463 ,6.488677  ,6.465208  ,0.018102  ,-0.148941 ,8.800000  
2.920000  ,14.648454 ,-2.206923 ,6.480599  ,6.460301  ,0.030973  ,-0.008895 ,8.910000  
2.920000  ,14.648454 ,-2.206923 ,6.480599  ,6.460301  ,0.030973  ,-0.061798 ,8.910000  
2.940000  ,14.739680 ,-2.298890 ,6.473612  ,6.457490  ,0.036500  ,-0.047900 ,8.910000  
2.940000  ,14.739680 ,-2.298890 ,6.473612  ,6.457490  ,0.036500  ,-0.068118 ,8.910000  
2.960000  ,14.831299 ,-2.390289 ,6.468062  ,6.457312  ,0.042281  ,-0.072224 ,9.030000  
2.960000  ,14.831299 ,-2.390289 ,6.468062  ,6.457312  ,0.042281  ,-0.039581 ,9.030000  
2.980000  ,14.923304 ,-2.481170 ,6.464362  ,6.458416  ,0.045652  ,0.021670  ,9.140000  
2.980000  ,14.923304 ,-2.481170 ,6.464362  ,6.458416  ,0.045652  ,-0.204774 ,9.140000  
3.000000  ,15.015514 ,-2.571763 ,6.462315  ,6.454808  ,0.040403  ,-0.033009 ,9.140000  
3.000000  ,15.015514 ,-2.571763 ,6.462315  ,6.454808  ,0.040403  ,0.244172  ,9.140000  
3.020000  ,15.107539 ,-2.662476 ,6.459731  ,6.456913  ,0.036834  ,-0.125463 ,9.260000  
3.020000  ,15.107539 ,-2.662476 ,6.459731  ,6.456913  ,0.036834  ,-0.007917 ,9.260000  
3.040000  ,15.198795 ,-2.753913 ,6.458761  ,6.452952  ,0.027756  ,-0.154769 ,9.260000  
3.040000  ,15.198795 ,-2.753913 ,6.458761  ,6.452952  ,0.027756  ,-0.088662 ,9.260000  
3.060000  ,15.288493 ,-2.846835 ,6.456761  ,6.455052  ,0.019893  ,-0.002824 ,9.380000  
3.060000  ,15.288493 ,-2.846835 ,6.456761  ,6.455052  ,0.019893  ,-0.011415 ,9.380000  
3.080000  ,15.375634 ,-2.942120 ,6.456173  ,6.457438  ,0.013070  ,0.137608  ,9.490000  
3.080000  ,15.375634 ,-2.942120 ,6.456173  ,6.457438  ,0.013070  ,0.011951  ,9.490000  
3.100000  ,15.459171 ,-3.040570 ,6.456290  ,6.453371  ,0.003395  ,-0.000417 ,9.490000  
3.100000  ,15.459171 ,-3.040570 ,6.456290  ,6.453371  ,0.003395  ,-0.102651 ,9.490000  
3.120000  ,15.538477 ,-3.142446 ,6.455285  ,6.456590  ,0.000000  ,0.215495  ,9.610000  
3.120000  ,15.538477 ,-3.142446 ,6.455285  ,6.456590  ,0.000000  ,-0.222135 ,9.610000  
3.140000  ,15.613018 ,-3.247845 ,6.455407  ,6.463680  ,0.002511  ,0.018477  ,9.720000  
3.140000  ,15.613018 ,-3.247845 ,6.455407  ,6.463680  ,0.002511  ,0.142499  ,9.720000  
3.160000  ,15.682356 ,-3.356748 ,6.456175  ,6.459992  ,0.005070  ,-0.099218 ,9.720000  
3.160000  ,15.682356 ,-3.356748 ,6.456175  ,6.459992  ,0.005070  ,-0.107756 ,9.720000  
3.180000  ,15.746241 ,-3.468949 ,6.456529  ,6.467444  ,0.000000  ,-0.183329 ,9.840000  
3.180000  ,15.746241 ,-3.468949 ,6.456529  ,6.467444  ,0.000000  ,-0.042521 ,9.840000  
3.200000  ,15.804693 ,-3.584092 ,6.457542  ,6.485693  ,0.006622  ,0.005574  ,9.950000  
3.200000  ,15.804693 ,-3.584092 ,6.457542  ,6.485693  ,0.006622  ,0.028492  ,9.950000  
3.220000  ,15.857851 ,-3.701812 ,6.460156  ,6.480642  ,0.012928  ,-0.034334 ,9.950000  
3.220000  ,15.857851 ,-3.701812 ,6.460156  ,6.480642  ,0.012928  ,-0.049993 ,9.950000  
3.240000  ,15.905572 ,-3.821889 ,6.462058  ,6.496908  ,0.025686  ,0.004219  ,10.070000 
3.240000  ,15.905572 ,-3.821889 ,6.462058  ,6.496908  ,0.025686  ,0.068876  ,10.070000 
3.260000  ,15.948479 ,-3.943827 ,6.465293  ,6.531001  ,0.041429  ,-0.074675 ,10.190000 
3.260000  ,15.948479 ,-3.943827 ,6.465293  ,6.531001  ,0.041429  ,0.100899  ,10.190000 
3.280000  ,15.987525 ,-4.067157 ,6.471394  ,6.521787  ,0.054249  ,-0.028565 ,10.190000 
3.280000  ,15.987525 ,-4.067157 ,6.471394  ,6.521787  ,0.054249  ,-0.027420 ,10.190000 
3.300000  ,16.023791 ,-4.191448 ,6.476072  ,6.551650  ,0.070833  ,-0.002537 ,10.300000 
3.300000  ,16.023791 ,-4.191448 ,6.476072  ,6.551650  ,0.070833  ,-0.260986 ,10.300000 
3.320000  ,16.058147 ,-4.316403 ,6.483089  ,6.608131  ,0.087416  ,0.024603  ,10.420000 
3.320000  ,16.058147 ,-4.316403 ,6.483089  ,6.608131  ,0.087416  ,-0.051014 ,10.420000 
3.340000  ,16.091795 ,-4.441744 ,6.494697  ,6.589212  ,0.098220  ,-0.016062 ,10.420000 
3.340000  ,16.091795 ,-4.441744 ,6.494697  ,6.589212  ,0.098220  ,0.084239  ,10.420000 
3.360000  ,16.125626 ,-4.567247 ,6.503472  ,6.636498  ,0.109841  ,0.064527  ,10.530000 
3.360000  ,16.125626 ,-4.567247 ,6.503472  ,6.636498  ,0.109841  ,-0.044549 ,10.530000 
3.380000  ,16.160365 ,-4.692721 ,6.515822  ,6.651803  ,0.116080  ,-0.050484 ,10.530000 
3.380000  ,16.160365 ,-4.692721 ,6.515822  ,6.651803  ,0.116080  ,-0.360641 ,10.530000 
3.400000  ,16.196605 ,-4.818028 ,6.528446  ,6.688692  ,0.120072  ,0.106710  ,10.650000 
3.400000  ,16.196605 ,-4.818028 ,6.528446  ,6.688692  ,0.120072  ,-0.106975 ,10.650000 
3.420000  ,16.234858 ,-4.943024 ,6.543323  ,6.754699  ,0.120321  ,0.165271  ,10.760000 
3.420000  ,16.234858 ,-4.943024 ,6.543323  ,6.754699  ,0.120321  ,-0.203961 ,10.760000 
3.440000  ,16.275304 ,-5.067690 ,6.562947  ,6.774468  ,0.114328  ,-0.035810 ,10.760000 
3.440000  ,16.275304 ,-5.067690 ,6.562947  ,6.774468  ,0.114328  ,-0.149957 ,10.760000 
3.460000  ,16.318284 ,-5.191921 ,6.582585  ,6.823204  ,0.105138  ,-0.007830 ,10.880000 
3.460000  ,16.318284 ,-5.191921 ,6.582585  ,6.823204  ,0.105138  ,-0.019671 ,10.880000 
3.480000  ,16.363819 ,-5.315687 ,6.604924  ,6.908514  ,0.091844  ,0.124479  ,11.000000 
3.480000  ,16.363819 ,-5.315687 ,6.604924  ,6.908514  ,0.091844  ,-0.062557 ,11.000000 
3.500000  ,16.411457 ,-5.439201 ,6.633109  ,6.928786  ,0.072932  ,-0.155585 ,11.000000 
3.500000  ,16.411457 ,-5.439201 ,6.633109  ,6.928786  ,0.072932  ,0.075254  ,11.000000 
3.520000  ,16.460597 ,-5.562725 ,6.660559  ,6.993180  ,0.052072  ,-0.132112 ,11.110000 
3.520000  ,16.460597 ,-5.562725 ,6.660559  ,6.993180  ,0.052072  ,-0.211135 ,11.110000 
3.540000  ,16.510799 ,-5.686452 ,6.691439  ,7.097758  ,0.028936  ,-0.047873 ,11.230000 
3.540000  ,16.510799 ,-5.686452 ,6.691439  ,7.097758  ,0.028936  ,0.046099  ,11.230000 
3.560000  ,16.561308 ,-5.810795 ,6.729161  ,7.125420  ,0.002624  ,-0.075458 ,11.230000 
3.560000  ,16.561308 ,-5.810795 ,6.729161  ,7.125420  ,0.002624  ,-0.011360 ,11.230000 
3.580000  ,16.611082 ,-5.936236 ,6.765950  ,7.192200  ,0.023102  ,-0.074604 ,11.340000 
3.580000  ,16.611082 ,-5.936236 ,6.765950  ,7.192200  ,0.023102  ,0.037992  ,11.340000 
3.600000  ,16.658933 ,-6.063237 ,6.805522  ,7.319323  ,0.047755  ,-0.012039 ,11.460000 
3.600000  ,16.658933 ,-6.063237 ,6.805522  ,7.319323  ,0.047755  ,-0.078547 ,11.460000 
3.620000  ,16.703729 ,-6.192271 ,6.853223  ,7.349181  ,0.071508  ,0.060629  ,11.460000 
3.620000  ,16.703729 ,-6.192271 ,6.853223  ,7.349181  ,0.071508  ,0.007936  ,11.460000 
3.640000  ,16.744576 ,-6.323588 ,6.899267  ,7.428096  ,0.091294  ,0.116244  ,11.570000 
3.640000  ,16.744576 ,-6.323588 ,6.899267  ,7.428096  ,0.091294  ,-0.109547 ,11.570000 
3.660000  ,16.780902 ,-6.457213 ,6.948363  ,7.567602  ,0.107200  ,0.064779  ,11.690000 
3.660000  ,16.780902 ,-6.457213 ,6.948363  ,7.567602  ,0.107200  ,0.094522  ,11.690000 
3.680000  ,16.812409 ,-6.593150 ,7.005853  ,7.607384  ,0.119786  ,0.086979  ,11.690000 
3.680000  ,16.812409 ,-6.593150 ,7.005853  ,7.607384  ,0.119786  ,0.072149  ,11.690000 
3.700000  ,16.839004 ,-6.731288 ,7.061698  ,7.701367  ,0.127531  ,0.000221  ,11.810000 
3.700000  ,16.839004 ,-6.731288 ,7.061698  ,7.701367  ,0.127531  ,-0.001252 ,11.810000 
3.720000  ,16.860871 ,-6.871420 ,7.121085  ,7.833073  ,0.131036  ,0.016436  ,11.920000 
3.720000  ,16.860871 ,-6.871420 ,7.121085  ,7.833073  ,0.131036  ,-0.043676 ,11.920000 
3.740000  ,16.878515 ,-7.013414 ,7.187185  ,7.995627  ,0.130800  ,-0.013094 ,12.040000 
3.740000  ,16.878515 ,-7.013414 ,7.187185  ,7.995627  ,0.130800  ,-0.055737 ,12.040000 
3.760000  ,16.892743 ,-7.157212 ,7.262240  ,7.990483  ,0.127951  ,0.127184  ,12.040000 
3.760000  ,16.892743 ,-7.157212 ,7.262240  ,7.990483  ,0.127951  ,0.156728  ,12.040000 
3.780000  ,16.904483 ,-7.302667 ,7.329849  ,8.000000  ,0.122472  ,0.090913  ,12.150000 
3.780000  ,16.904483 ,-7.302667 ,7.329849  ,8.000000  ,0.122472  ,-0.204410 ,12.150000 
3.800000  ,16.914672 ,-7.449540 ,7.392065  ,8.000000  ,0.115608  ,0.118700  ,12.270000 
3.800000  ,16.914672 ,-7.449540 ,7.392065  ,8.000000  ,0.115608  ,-0.081237 ,12.270000 
3.820000  ,16.924672 ,-7.597616 ,7.448505  ,8.000000  ,0.108665  ,-0.094333 ,12.380000 
3.820000  ,16.924672 ,-7.597616 ,7.448505  ,8.000000  ,0.108665  ,0.005152  ,12.380000 
3.840000  ,16.935577 ,-7.746705 ,7.499706  ,8.000000  ,0.102248  ,-0.047592 ,12.380000 
3.840000  ,16.935577 ,-7.746705 ,7.499706  ,8.000000  ,0.102248  ,0.113701  ,12.380000 
3.860000  ,16.948180 ,-7.896640 ,7.546152  ,8.000000  ,0.097398  ,-0.257318 ,12.500000 
3.860000  ,16.948180 ,-7.896640 ,7.546152  ,8.000000  ,0.097398  ,0.109301  ,12.500000 
3.880000  ,16.962835 ,-8.047277 ,7.588287  ,8.000000  ,0.094267  ,0.053065  ,12.620000 
3.880000  ,16.962835 ,-8.047277 ,7.588287  ,8.000000  ,0.094267  ,-0.010292 ,12.620000 
3.900000  ,16.979688 ,-8.198492 ,7.626510  ,8.000000  ,0.092830  ,0.258827  ,12.730000 
3.900000  ,16.979688 ,-8.198492 ,7.626510  ,8.000000  ,0.092830  ,-0.106776 ,12.730000 
3.920000  ,16.998644 ,-8.350192 ,7.661185  ,8.000000  ,0.092217  ,0.057589  ,12.730000 
3.920000  ,16.998644 ,-8.350192 ,7.661185  ,8.000000  ,0.092217  ,-0.087665 ,12.730000 
3.940000  ,17.019874 ,-8.502258 ,7.692640  ,8.000000  ,0.093722  ,-0.042233 ,12.850000 
3.940000  ,17.019874 ,-8.502258 ,7.692640  ,8.000000  ,0.093722  ,0.069945  ,12.850000 
3.960000  ,17.043674 ,-8.654550 ,7.721175  ,8.000000  ,0.097227  ,-0.065678 ,12.960000 
3.960000  ,17.043674 ,-8.654550 ,7.721175  ,8.000000  ,0.097227  ,0.035621  ,12.960000 
3.980000  ,17.069487 ,-8.807066 ,7.747061  ,8.000000  ,0.102214  ,-0.057207 ,13.080000 
3.980000  ,17.069487 ,-8.807066 ,7.747061  ,8.000000  ,0.102214  ,-0.113427 ,13.080000 
4.000000  ,17.096491 ,-8.959877 ,7.770543  ,8.000000  ,0.107529  ,0.190013  ,13.080000 
4.000000  ,17.096491 ,-8.959877 ,7.770543  ,8.000000  ,0.107529  ,0.051881  ,13.080000 
4.020000  ,17.123759 ,-9.113096 ,7.791846  ,8.000000  ,0.112921  ,0.072402  ,13.190000 
4.020000  ,17.123759 ,-9.113096 ,7.791846  ,8.000000  ,0.112921  ,0.186448  ,13.190000 
4.040000  ,17.150761 ,-9.266774 ,7.811171  ,8.000000  ,0.117630  ,0.105920  ,13.310000 
4.040000  ,17.150761 ,-9.266774 ,7.811171  ,8.000000  ,0.117630  ,-0.060349 ,13.310000 
4.060000  ,17.177412 ,-9.420887 ,7.828701  ,8.000000  ,0.121601  ,0.006239  ,13.430000 
4.060000  ,17.177412 ,-9.420887 ,7.828701  ,8.000000  ,0.121601  ,0.030919  ,13.430000 
4.080000  ,17.203681 ,-9.575405 ,7.844605  ,8.000000  ,0.124836  ,0.085810  ,13.540000 
4.080000  ,17.203681 ,-9.575405 ,7.844605  ,8.000000  ,0.124836  ,0.091365  ,13.540000 
4.100000  ,17.229501 ,-9.730306 ,7.859031  ,8.000000  ,0.127057  ,0.118170  ,13.540000 
4.100000  ,17.229501 ,-9.730306 ,7.859031  ,8.000000  ,0.127057  ,0.124861  ,13.540000 
4.120000  ,17.254424 ,-9.885632 ,7.872119  ,8.000000  ,0.128283  ,-0.016246 ,13.660000 
4.120000  ,17.254424 ,-9.885632 ,7.872119  ,8.000000  ,0.128283  ,-0.027068 ,13.660000 
4.140000  ,17.278773 ,-10.041302,7.883991  ,8.000000  ,0.128677  ,-0.106674 ,13.770000 
4.140000  ,17.278773 ,-10.041302,7.883991  ,8.000000  ,0.128677  ,-0.144460 ,13.770000 
4.160000  ,17.303002 ,-10.197219,7.894761  ,8.000000  ,0.128725  ,-0.195641 ,13.890000 
4.160000  ,17.303002 ,-10.197219,7.894761  ,8.000000  ,0.128725  ,0.014986  ,13.890000 
4.180000  ,17.326928 ,-10.353391,7.904532  ,8.000000  ,0.128143  ,-0.042521 ,13.890000 
4.180000  ,17.326928 ,-10.353391,7.904532  ,8.000000  ,0.128143  ,-0.056067 ,13.890000 
4.200000  ,17.350245 ,-10.509843,7.913395  ,8.000000  ,0.126850  ,0.174911  ,14.000000 
4.200000  ,17.350245 ,-10.509843,7.913395  ,8.000000  ,0.126850  ,-0.031991 ,14.000000 
4.220000  ,17.372761 ,-10.666584,7.921435  ,8.000000  ,0.124590  ,-0.032454 ,14.120000 
4.220000  ,17.372761 ,-10.666584,7.921435  ,8.000000  ,0.124590  ,0.088539  ,14.120000 
4.240000  ,17.394566 ,-10.823579,7.928729  ,8.000000  ,0.121468  ,-0.042025 ,14.240000 
4.240000  ,17.394566 ,-10.823579,7.928729  ,8.000000  ,0.121468  ,0.045615  ,14.240000 
4.260000  ,17.415841 ,-10.980787,7.935346  ,8.000000  ,0.117678  ,-0.055635 ,14.350000 
4.260000  ,17.415841 ,-10.980787,7.935346  ,8.000000  ,0.117678  ,-0.156035 ,14.350000 
4.280000  ,17.436245 ,-11.138238,7.941348  ,8.000000  ,0.112838  ,0.009554  ,14.350000 
4.280000  ,17.436245 ,-11.138238,7.941348  ,8.000000  ,0.112838  ,-0.063593 ,14.350000 
4.300000  ,17.455604 ,-11.295936,7.946793  ,8.000000  ,0.106905  ,-0.135626 ,14.470000 
4.300000  ,17.455604 ,-11.295936,7.946793  ,8.000000  ,0.106905  ,-0.172062 ,14.470000 
4.320000  ,17.473748 ,-11.453883,7.951733  ,8.000000  ,0.099689  ,-0.140602 ,14.580000 
4.320000  ,17.473748 ,-11.453883,7.951733  ,8.000000  ,0.099689  ,-0.176267 ,14.580000 
4.340000  ,17.490697 ,-11.612057,7.956214  ,8.000000  ,0.091236  ,-0.004696 ,14.700000 
4.340000  ,17.490697 ,-11.612057,7.956214  ,8.000000  ,0.091236  ,0.013528  ,14.700000 
4.360000  ,17.505848 ,-11.770498,7.960279  ,8.000000  ,0.080968  ,0.019770  ,14.810000 
4.360000  ,17.505848 ,-11.770498,7.960279  ,8.000000  ,0.080968  ,0.070512  ,14.810000 
4.380000  ,17.518602 ,-11.929228,7.963967  ,8.000000  ,0.068390  ,0.000161  ,14.810000 
4.380000  ,17.518602 ,-11.929228,7.963967  ,8.000000  ,0.068390  ,-0.063142 ,14.810000 
4.400000  ,17.529112 ,-12.088193,7.967312  ,8.000000  ,0.053590  ,0.126966  ,14.930000 
4.400000  ,17.529112 ,-12.088193,7.967312  ,8.000000  ,0.053590  ,-0.096296 ,14.930000 
4.420000  ,17.537715 ,-12.247337,7.970347  ,8.000000  ,0.036960  ,0.003404  ,15.050000 
4.420000  ,17.537715 ,-12.247337,7.970347  ,8.000000  ,0.036960  ,-0.168681 ,15.050000 
4.440000  ,17.544851 ,-12.406612,7.973100  ,8.000000  ,0.018959  ,-0.086556 ,15.160000 
4.440000  ,17.544851 ,-12.406612,7.973100  ,8.000000  ,0.018959  ,-0.059579 ,15.160000 
4.460000  ,17.551135 ,-12.565975,7.975597  ,8.000000  ,0.000216  ,0.005384  ,15.280000 
4.460000  ,17.551135 ,-12.565975,7.975597  ,8.000000  ,0.000216  ,0.131428  ,15.280000 
4.480000  ,17.556819 ,-12.725408,7.977863  ,8.000000  ,0.018836  ,-0.221341 ,15.280000 
4.480000  ,17.556819 ,-12.725408,7.977863  ,8.000000  ,0.018836  ,0.161561  ,15.280000 
4.500000  ,17.561975 ,-12.884903,7.979918  ,8.000000  ,0.038370  ,-0.044760 ,15.390000 
4.500000  ,17.561975 ,-12.884903,7.979918  ,8.000000  ,0.038370  ,0.075740  ,15.390000 
4.520000  ,17.567328 ,-13.044431,7.981782  ,8.000000  ,0.057556  ,-0.134515 ,15.510000 
4.520000  ,17.567328 ,-13.044431,7.981782  ,8.000000  ,0.057556  ,0.147102  ,15.510000 
4.540000  ,17.573168 ,-13.203976,7.983474  ,8.000000  ,0.076098  ,0.069061  ,15.620000 
4.540000  ,17.573168 ,-13.203976,7.983474  ,8.000000  ,0.076098  ,0.004403  ,15.620000 
4.560000  ,17.579782 ,-13.363524,7.985008  ,8.000000  ,0.093700  ,0.079532  ,15.740000 
4.560000  ,17.579782 ,-13.363524,7.985008  ,8.000000  ,0.093700  ,-0.098227 ,15.740000 
4.580000  ,17.587198 ,-13.523066,7.986400  ,8.000000  ,0.110145  ,0.093612  ,15.740000 
4.580000  ,17.587198 ,-13.523066,7.986400  ,8.000000  ,0.110145  ,0.108135  ,15.740000 
4.600000  ,17.596111 ,-13.682557,7.987662  ,8.000000  ,0.125055  ,0.017935  ,15.860000 
4.600000  ,17.596111 ,-13.682557,7.987662  ,8.000000  ,0.125055  ,-0.182485 ,15.860000 
4.620000  ,17.607336 ,-13.841925,7.988808  ,8.000000  ,0.137488  ,-0.005293 ,15.970000 
4.620000  ,17.607336 ,-13.841925,7.988808  ,8.000000  ,0.137488  ,0.193954  ,15.970000 
4.640000  ,17.621513 ,-14.001079,7.989847  ,8.000000  ,0.146800  ,0.077584  ,16.090000 
4.640000  ,17.621513 ,-14.001079,7.989847  ,8.000000  ,0.146800  ,0.157664  ,16.090000 
4.660000  ,17.638556 ,-14.159972,7.990790  ,8.000000  ,0.153073  ,0.037952  ,16.200000 
4.660000  ,17.638556 ,-14.159972,7.990790  ,8.000000  ,0.153073  ,-0.175237 ,16.200000 
4.680000  ,17.658434 ,-14.318553,7.991645  ,8.000000  ,0.156219  ,0.087321  ,16.200000 
4.680000  ,17.658434 ,-14.318553,7.991645  ,8.000000  ,0.156219  ,0.110113  ,16.200000 
4.700000  ,17.681660 ,-14.476694,7.992420  ,8.000000  ,0.155961  ,0.074800  ,16.320000 
4.700000  ,17.681660 ,-14.476694,7.992420  ,8.000000  ,0.155961  ,-0.102700 ,16.320000 
4.720000  ,17.708228 ,-14.634323,7.993124  ,8.000000  ,0.152204  ,-0.053210 ,16.440000 
4.720000  ,17.708228 ,-14.634323,7.993124  ,8.000000  ,0.152204  ,0.087636  ,16.440000 
4.740000  ,17.738121 ,-14.791370,7.993762  ,8.000000  ,0.144968  ,0.016893  ,16.550000 
4.740000  ,17.738121 ,-14.791370,7.993762  ,8.000000  ,0.144968  ,-0.010704 ,16.550000 
4.760000  ,17.771235 ,-14.947781,7.994342  ,8.000000  ,0.134364  ,-0.216739 ,16.670000 
4.760000  ,17.771235 ,-14.947781,7.994342  ,8.000000  ,0.134364  ,-0.104565 ,16.670000 
4.780000  ,17.807104 ,-15.103597,7.994867  ,8.000000  ,0.120862  ,0.133123  ,16.670000 
4.780000  ,17.807104 ,-15.103597,7.994867  ,8.000000  ,0.120862  ,0.140716  ,16.670000 
4.800000  ,17.844970 ,-15.258950,7.995343  ,8.000000  ,0.105315  ,-0.019901 ,16.780000 
4.800000  ,17.844970 ,-15.258950,7.995343  ,8.000000  ,0.105315  ,-0.133164 ,16.780000 
4.820000  ,17.884109 ,-15.413997,7.995776  ,8.000000  ,0.088454  ,0.062004  ,16.900000 
4.820000  ,17.884109 ,-15.413997,7.995776  ,8.000000  ,0.088454  ,-0.097231 ,16.900000 
4.840000  ,17.924206 ,-15.568808,7.996168  ,8.000000  ,0.070622  ,-0.085290 ,17.010000 
4.840000  ,17.924206 ,-15.568808,7.996168  ,8.000000  ,0.070622  ,0.024392  ,17.010000 
4.860000  ,17.964427 ,-15.723595,7.996524  ,8.000000  ,0.052698  ,-0.125432 ,17.130000 
4.860000  ,17.964427 ,-15.723595,7.996524  ,8.000000  ,0.052698  ,-0.026897 ,17.130000 
4.880000  ,18.004295 ,-15.878480,7.996846  ,8.000000  ,0.035383  ,0.001520  ,17.130000 
4.880000  ,18.004295 ,-15.878480,7.996846  ,8.000000  ,0.035383  ,-0.037478 ,17.130000 
4.900000  ,18.042720 ,-16.033734,7.997139  ,8.000000  ,0.019581  ,0.070687  ,17.250000 
4.900000  ,18.042720 ,-16.033734,7.997139  ,8.000000  ,0.019581  ,-0.158622 ,17.250000 
4.920000  ,18.078617 ,-16.189597,7.997405  ,8.000000  ,0.006523  ,-0.173740 ,17.360000 
4.920000  ,18.078617 ,-16.189597,7.997405  ,8.000000  ,0.006523  ,-0.049170 ,17.360000 
4.940000  ,18.111666 ,-16.346093,7.997646  ,8.000000  ,0.003436  ,-0.001031 ,17.480000 
4.940000  ,18.111666 ,-16.346093,7.997646  ,8.000000  ,0.003436  ,-0.049512 ,17.480000 
4.960000  ,18.141551 ,-16.503228,7.997864  ,8.000000  ,0.009942  ,0.111321  ,17.590000 
4.960000  ,18.141551 ,-16.503228,7.997864  ,8.000000  ,0.009942  ,-0.071739 ,17.590000 
4.980000  ,18.167464 ,-16.661070,7.998063  ,8.000000  ,0.011738  ,-0.037658 ,17.590000 
4.980000  ,18.167464 ,-16.661070,7.998063  ,8.000000  ,0.011738  ,-0.009896 ,17.590000 
5.000000  ,18.189338 ,-16.819527,7.998242  ,8.000000  ,0.009385  ,0.212711  ,17.710000 
5.000000  ,18.189338 ,-16.819527,7.998242  ,8.000000  ,0.009385  ,0.071351  ,17.710000 
5.020000  ,18.207437 ,-16.978462,7.998406  ,8.000000  ,0.002898  ,-0.137113 ,17.820000 
5.020000  ,18.207437 ,-16.978462,7.998406  ,8.000000  ,0.002898  ,-0.233426 ,17.820000 
5.040000  ,18.222240 ,-17.137743,7.998554  ,8.000000  ,0.007214  ,0.180276  ,17.940000 
5.040000  ,18.222240 ,-17.137743,7.998554  ,8.000000  ,0.007214  ,0.116160  ,17.940000 
5.060000  ,18.234279 ,-17.297260,7.998688  ,8.000000  ,0.020380  ,-0.135044 ,18.060000 
5.060000  ,18.234279 ,-17.297260,7.998688  ,8.000000  ,0.020380  ,0.116459  ,18.060000 
5.080000  ,18.243732 ,-17.456954,7.998810  ,8.000000  ,0.036635  ,0.071615  ,18.060000 
5.080000  ,18.243732 ,-17.456954,7.998810  ,8.000000  ,0.036635  ,0.112144  ,18.060000 
5.100000  ,18.251365 ,-17.616749,7.998920  ,8.000000  ,0.054738  ,-0.038914 ,18.170000 
5.100000  ,18.251365 ,-17.616749,7.998920  ,8.000000  ,0.054738  ,-0.090400 ,18.170000 
5.120000  ,18.257610 ,-17.776606,7.999021  ,8.000000  ,0.074430  ,0.046506  ,18.290000 
5.120000  ,18.257610 ,-17.776606,7.999021  ,8.000000  ,0.074430  ,-0.015055 ,18.290000 
5.140000  ,18.263535 ,-17.936478,7.999111  ,8.000000  ,0.094634  ,-0.122234 ,18.400000 
5.140000  ,18.263535 ,-17.936478,7.999111  ,8.000000  ,0.094634  ,-0.020165 ,18.400000 
5.160000  ,18.270022 ,-18.096329,7.999194  ,8.000000  ,0.114591  ,0.099676  ,18.400000 
5.160000  ,18.270022 ,-18.096329,7.999194  ,8.000000  ,0.114591  ,-0.103199 ,18.400000 
5.180000  ,18.278019 ,-18.256113,7.999269  ,8.000000  ,0.133118  ,0.001621  ,18.520000 
5.180000  ,18.278019 ,-18.256113,7.999269  ,8.000000  ,0.133118  ,-0.050516 ,18.520000 
5.200000  ,18.288057 ,-18.415782,7.999337  ,8.000000  ,0.149764  ,0.105884  ,18.630000 
5.200000  ,18.288057 ,-18.415782,7.999337  ,8.000000  ,0.149764  ,-0.093751 ,18.630000 
5.220000  ,18.301064 ,-18.575237,7.999398  ,8.000000  ,0.163589  ,-0.075366 ,18.750000 
5.220000  ,18.301064 ,-18.575237,7.999398  ,8.000000  ,0.163589  ,0.057314  ,18.750000 
5.240000  ,18.317507 ,-18.734374,7.999454  ,8.000000  ,0.174112  ,-0.068813 ,18.870000 
5.240000  ,18.317507 ,-18.734374,7.999454  ,8.000000  ,0.174112  ,0.006343  ,18.870000 
5.260000  ,18.338200 ,-18.893015,7.999505  ,8.000000  ,0.180616  ,0.074199  ,18.870000 
5.260000  ,18.338200 ,-18.893015,7.999505  ,8.000000  ,0.180616  ,-0.051450 ,18.870000 
5.280000  ,18.363259 ,-19.051026,7.999551  ,8.000000  ,0.182771  ,-0.312191 ,18.980000 
5.280000  ,18.363259 ,-19.051026,7.999551  ,8.000000  ,0.182771  ,0.071125  ,18.980000 
5.300000  ,18.392679 ,-19.208283,7.999593  ,8.000000  ,0.180639  ,0.045926  ,19.100000 
5.300000  ,18.392679 ,-19.208283,7.999593  ,8.000000  ,0.180639  ,0.063775  ,19.100000 
5.320000  ,18.426512 ,-19.364652,7.999630  ,8.000000  ,0.174151  ,-0.161116 ,19.210000 
5.320000  ,18.426512 ,-19.364652,7.999630  ,8.000000  ,0.174151  ,0.020044  ,19.210000 
5.340000  ,18.464272 ,-19.520122,7.999665  ,8.000000  ,0.163788  ,0.116868  ,19.330000 
5.340000  ,18.464272 ,-19.520122,7.999665  ,8.000000  ,0.163788  ,-0.080667 ,19.330000 
5.360000  ,18.505636 ,-19.674673,7.999696  ,8.000000  ,0.150056  ,0.144136  ,19.330000 
5.360000  ,18.505636 ,-19.674673,7.999696  ,8.000000  ,0.150056  ,-0.057151 ,19.330000 
5.380000  ,18.550057 ,-19.828374,7.999724  ,8.000000  ,0.133244  ,0.048350  ,19.440000 
5.380000  ,18.550057 ,-19.828374,7.999724  ,8.000000  ,0.133244  ,0.126709  ,19.440000 
5.400000  ,18.597452 ,-19.981185,7.999750  ,8.000000  ,0.113538  ,0.155021  ,19.560000 
5.400000  ,18.597452 ,-19.981185,7.999750  ,8.000000  ,0.113538  ,0.125285  ,19.560000 
5.420000  ,18.647293 ,-20.133218,7.999773  ,8.000000  ,0.091479  ,0.052934  ,19.680000 
5.420000  ,18.647293 ,-20.133218,7.999773  ,8.000000  ,0.091479  ,0.100931  ,19.680000 
5.440000  ,18.698718 ,-20.284723,7.999794  ,8.000000  ,0.067965  ,-0.136849 ,19.790000 
5.440000  ,18.698718 ,-20.284723,7.999794  ,8.000000  ,0.067965  ,0.209413  ,19.790000 
5.460000  ,18.751431 ,-20.435786,7.999813  ,8.000000  ,0.043482  ,0.058252  ,19.790000 
5.460000  ,18.751431 ,-20.435786,7.999813  ,8.000000  ,0.043482  ,-0.016136 ,19.790000 
5.480000  ,18.804547 ,-20.586709,7.999831  ,8.000000  ,0.018639  ,0.060160  ,19.910000 
5.480000  ,18.804547 ,-20.586709,7.999831  ,8.000000  ,0.018639  ,0.093846  ,19.910000 
5.500000  ,18.857193 ,-20.737796,7.999846  ,8.000000  ,0.000000  ,-0.020564 ,20.020000 
5.500000  ,18.857193 ,-20.737796,7.999846  ,8.000000  ,0.000000  ,0.071038  ,20.020000 
5.520000  ,18.909208 ,-20.889102,7.999861  ,8.000000  ,0.028893  ,-0.000790 ,20.140000 
5.520000  ,18.909208 ,-20.889102,7.999861  ,8.000000  ,0.028893  ,-0.109081 ,20.140000 
5.540000  ,18.960045 ,-21.040807,7.999873  ,8.000000  ,0.050865  ,-0.104432 ,20.250000 
5.540000  ,18.960045 ,-21.040807,7.999873  ,8.000000  ,0.050865  ,-0.008017 ,20.250000 
5.560000  ,19.008846 ,-21.193179,7.999885  ,8.000000  ,0.070551  ,-0.176941 ,20.250000 
5.560000  ,19.008846 ,-21.193179,7.999885  ,8.000000  ,0.070551  ,0.131191  ,20.250000 
5.580000  ,19.055334 ,-21.346272,7.999896  ,8.000000  ,0.087824  ,0.015909  ,20.370000 
5.580000  ,19.055334 ,-21.346272,7.999896  ,8.000000  ,0.087824  ,0.081823  ,20.370000 
5.600000  ,19.098641 ,-21.500294,7.999906  ,8.000000  ,0.101771  ,-0.172703 ,20.490000 
5.600000  ,19.098641 ,-21.500294,7.999906  ,8.000000  ,0.101771  ,-0.006265 ,20.490000 
5.620000  ,19.137906 ,-21.655394,7.999914  ,8.000000  ,0.111558  ,-0.058949 ,20.600000 
5.620000  ,19.137906 ,-21.655394,7.999914  ,8.000000  ,0.111558  ,0.081272  ,20.600000 
5.640000  ,19.172810 ,-21.811533,7.999922  ,8.000000  ,0.116922  ,-0.014308 ,20.720000 
5.640000  ,19.172810 ,-21.811533,7.999922  ,8.000000  ,0.116922  ,0.136782  ,20.720000 
5.660000  ,19.202594 ,-21.968727,7.999930  ,8.000000  ,0.117508  ,0.143458  ,20.720000 
5.660000  ,19.202594 ,-21.968727,7.999930  ,8.000000  ,0.117508  ,-0.035521 ,20.720000 
5.680000  ,19.227124 ,-22.126827,7.999936  ,8.000000  ,0.112850  ,0.095207  ,20.830000 
5.680000  ,19.227124 ,-22.126827,7.999936  ,8.000000  ,0.112850  ,-0.020467 ,20.830000 
5.700000  ,19.246526 ,-22.285638,7.999942  ,8.000000  ,0.103332  ,-0.084030 ,20.950000 
5.700000  ,19.246526 ,-22.285638,7.999942  ,8.000000  ,0.103332  ,0.052985  ,20.950000 
5.720000  ,19.261101 ,-22.444966,7.999947  ,8.000000  ,0.089349  ,0.137869  ,21.060000 
5.720000  ,19.261101 ,-22.444966,7.999947  ,8.000000  ,0.089349  ,0.046166  ,21.060000 
5.740000  ,19.271395 ,-22.604630,7.999952  ,8.000000  ,0.071452  ,-0.021271 ,21.180000 
5.740000  ,19.271395 ,-22.604630,7.999952  ,8.000000  ,0.071452  ,-0.040888 ,21.180000 
5.760000  ,19.278249 ,-22.764480,7.999957  ,8.000000  ,0.050573  ,-0.012303 ,21.180000 
5.760000  ,19.278249 ,-22.764480,7.999957  ,8.000000  ,0.050573  ,0.048545  ,21.180000 
5.780000  ,19.282776 ,-22.924414,7.999961  ,8.000000  ,0.027419  ,0.052206  ,21.300000 
5.780000  ,19.282776 ,-22.924414,7.999961  ,8.000000  ,0.027419  ,0.129524  ,21.300000 
5.800000  ,19.285986 ,-23.084381,7.999964  ,8.000000  ,0.003104  ,0.029692  ,21.410000 
5.800000  ,19.285986 ,-23.084381,7.999964  ,8.000000  ,0.003104  ,-0.045073 ,21.410000 
5.820000  ,19.289335 ,-23.244345,7.999968  ,8.000000  ,0.020980  ,0.150449  ,21.530000 
5.820000  ,19.289335 ,-23.244345,7.999968  ,8.000000  ,0.020980  ,-0.268055 ,21.530000 
5.840000  ,19.294035 ,-23.404274,7.999971  ,7.991178  ,0.043670  ,0.056624  ,21.640000 
5.840000  ,19.294035 ,-23.404274,7.999971  ,7.991178  ,0.043670  ,-0.012753 ,21.640000 
5.860000  ,19.301404 ,-23.564069,7.996944  ,7.987603  ,0.063737  ,-0.066842 ,21.640000 
5.860000  ,19.301404 ,-23.564069,7.996944  ,7.987603  ,0.063737  ,0.052960  ,21.640000 
5.880000  ,19.313116 ,-23.723538,7.993729  ,7.921346  ,0.079478  ,0.052511  ,21.760000 
5.880000  ,19.313116 ,-23.723538,7.993729  ,7.921346  ,0.079478  ,-0.172859 ,21.760000 
5.900000  ,19.329990 ,-23.882248,7.968813  ,7.768333  ,0.090041  ,-0.024849 ,21.880000 
5.900000  ,19.329990 ,-23.882248,7.968813  ,7.768333  ,0.090041  ,-0.007370 ,21.880000 
5.920000  ,19.352460 ,-24.039289,7.899803  ,7.585994  ,0.094861  ,-0.068732 ,21.990000 
5.920000  ,19.352460 ,-24.039289,7.899803  ,7.585994  ,0.094861  ,-0.115984 ,21.990000 
5.940000  ,19.380683 ,-24.193577,7.791782  ,7.562235  ,0.093674  ,0.065436  ,21.990000 
5.940000  ,19.380683 ,-24.193577,7.791782  ,7.562235  ,0.093674  ,0.027976  ,21.990000 
5.960000  ,19.414890 ,-24.344747,7.712767  ,7.449457  ,0.086089  ,-0.091421 ,22.110000 
5.960000  ,19.414890 ,-24.344747,7.712767  ,7.449457  ,0.086089  ,0.076514  ,22.110000 
5.980000  ,19.455181 ,-24.492647,7.622129  ,7.342649  ,0.072017  ,0.041236  ,22.220000 
5.980000  ,19.455181 ,-24.492647,7.622129  ,7.342649  ,0.072017  ,-0.012115 ,22.220000 
6.000000  ,19.501214 ,-24.636899,7.525925  ,7.177163  ,0.051726  ,0.234829  ,22.340000 
6.000000  ,19.501214 ,-24.636899,7.525925  ,7.177163  ,0.051726  ,0.061273  ,22.340000 
6.020000  ,19.552249 ,-24.777148,7.405873  ,7.144333  ,0.025940  ,0.153306  ,22.340000 
6.020000  ,19.552249 ,-24.777148,7.405873  ,7.144333  ,0.025940  ,-0.080397 ,22.340000 
6.040000  ,19.607778 ,-24.913430,7.315845  ,7.037254  ,0.004934  ,-0.135821 ,22.450000 
6.040000  ,19.607778 ,-24.913430,7.315845  ,7.037254  ,0.004934  ,-0.107024 ,22.450000 
6.060000  ,19.667754 ,-25.045773,7.219947  ,6.925285  ,0.040823  ,-0.074517 ,22.570000 
6.060000  ,19.667754 ,-25.045773,7.219947  ,6.925285  ,0.040823  ,-0.091461 ,22.570000 
6.080000  ,19.730965 ,-25.174408,7.118517  ,6.762589  ,0.080528  ,-0.070503 ,22.690000 
6.080000  ,19.730965 ,-25.174408,7.118517  ,6.762589  ,0.080528  ,-0.164085 ,22.690000 
6.100000  ,19.795783 ,-25.299717,6.995998  ,6.779231  ,0.122045  ,-0.151488 ,22.690000 
6.100000  ,19.795783 ,-25.299717,6.995998  ,6.779231  ,0.122045  ,0.068800  ,22.690000 
6.120000  ,19.860884 ,-25.422681,6.921382  ,6.679563  ,0.164282  ,-0.055303 ,22.800000 
6.120000  ,19.860884 ,-25.422681,6.921382  ,6.679563  ,0.164282  ,0.091364  ,22.800000 
6.140000  ,19.924802 ,-25.544479,6.838142  ,6.516339  ,0.205478  ,0.143040  ,22.920000 
6.140000  ,19.924802 ,-25.544479,6.838142  ,6.516339  ,0.205478  ,0.073669  ,22.920000 
6.160000  ,19.985670 ,-25.665642,6.727369  ,6.533592  ,0.243050  ,0.029077  ,22.920000 
6.160000  ,19.985670 ,-25.665642,6.727369  ,6.533592  ,0.243050  ,0.068157  ,22.920000 
6.180000  ,20.042078 ,-25.787013,6.660667  ,6.439768  ,0.276277  ,-0.111170 ,23.030000 
6.180000  ,20.042078 ,-25.787013,6.660667  ,6.439768  ,0.276277  ,-0.044205 ,23.030000 
6.200000  ,20.092911 ,-25.909267,6.584628  ,6.285232  ,0.303685  ,-0.075949 ,23.150000 
6.200000  ,20.092911 ,-25.909267,6.584628  ,6.285232  ,0.303685  ,0.079883  ,23.150000 
6.220000  ,20.136629 ,-26.032319,6.481569  ,6.314799  ,0.322706  ,-0.018575 ,23.150000 
6.220000  ,20.136629 ,-26.032319,6.481569  ,6.314799  ,0.322706  ,0.129145  ,23.150000 
6.240000  ,20.171232 ,-26.156587,6.424163  ,6.221376  ,0.332740  ,0.019655  ,23.260000 
6.240000  ,20.171232 ,-26.156587,6.424163  ,6.221376  ,0.332740  ,0.005543  ,23.260000 
6.260000  ,20.195571 ,-26.281958,6.354358  ,6.083862  ,0.332290  ,-0.145218 ,23.380000 
6.260000  ,20.195571 ,-26.281958,6.354358  ,6.083862  ,0.332290  ,0.196650  ,23.380000 
6.280000  ,20.208927 ,-26.407315,6.261247  ,6.121940  ,0.318912  ,-0.204241 ,23.380000 
6.280000  ,20.208927 ,-26.407315,6.261247  ,6.121940  ,0.318912  ,0.030217  ,23.380000 
6.300000  ,20.210749 ,-26.531976,6.213294  ,6.024815  ,0.294964  ,-0.192777 ,23.500000 
6.300000  ,20.210749 ,-26.531976,6.213294  ,6.024815  ,0.294964  ,-0.105205 ,23.500000 
6.320000  ,20.200933 ,-26.655123,6.148415  ,6.008566  ,0.257900  ,0.083002  ,23.500000 
6.320000  ,20.200933 ,-26.655123,6.148415  ,6.008566  ,0.257900  ,-0.098356 ,23.500000 
6.340000  ,20.179930 ,-26.775727,6.100276  ,5.949164  ,0.210647  ,0.000522  ,23.610000 
6.340000  ,20.179930 ,-26.775727,6.100276  ,5.949164  ,0.210647  ,-0.028772 ,23.610000 
6.360000  ,20.148627 ,-26.893044,6.048259  ,5.913975  ,0.152265  ,0.185051  ,23.610000 
6.360000  ,20.148627 ,-26.893044,6.048259  ,5.913975  ,0.152265  ,0.060678  ,23.610000 
6.380000  ,20.108348 ,-27.006560,6.002036  ,5.870754  ,0.086069  ,-0.056108 ,23.730000 
6.380000  ,20.108348 ,-27.006560,6.002036  ,5.870754  ,0.086069  ,0.155417  ,23.730000 
6.400000  ,20.060671 ,-27.116187,5.956845  ,5.837104  ,0.011865  ,0.081390  ,23.730000 
6.400000  ,20.060671 ,-27.116187,5.956845  ,5.837104  ,0.011865  ,-0.074506 ,23.730000 
6.420000  ,20.007362 ,-27.222233,5.915627  ,5.789593  ,0.066497  ,0.043590  ,23.840000 
6.420000  ,20.007362 ,-27.222233,5.915627  ,5.789593  ,0.066497  ,-0.100362 ,23.840000 
6.440000  ,19.950310 ,-27.325354,5.872243  ,5.776224  ,0.149907  ,0.138328  ,23.840000 
6.440000  ,19.950310 ,-27.325354,5.872243  ,5.776224  ,0.149907  ,-0.046282 ,23.840000 
6.460000  ,19.891403 ,-27.426554,5.839191  ,5.711720  ,0.233186  ,0.128676  ,23.960000 
6.460000  ,19.891403 ,-27.426554,5.839191  ,5.711720  ,0.233186  ,-0.084637 ,23.960000 
6.480000  ,19.832606 ,-27.526922,5.795313  ,5.721677  ,0.319440  ,0.066039  ,23.960000 
6.480000  ,19.832606 ,-27.526922,5.795313  ,5.721677  ,0.319440  ,0.107768  ,23.960000 
